id,sentence,tags
1,Ik heb geen tv Abel en Rhana hebben een date.,
2,Rhana gaat bij Abel eten.,
3,"Abel Zo, het eten is klaar hoor.",
4,Ik heb vegetarische pasta gemaakt.,
5,Ik hoop dat het lekker is.,
6,"Rhana O, nou dat ziet er lekker uit.",
7,"Abel Uh ja, ik eet eigenlijk altijd op de bank.",
8,Vind je dat oké?,
9,"Rhana Ja, dat is prima.",
10,Gezellig.,
11,"Abel Zullen we iets kijken, een serie ofzo?",
12,"Rhana Ja, leuk.",
13,Abel Waar hou je van?,
14,"Rhana Nou, ik kijk meestal naar het journaal.",
15,"Het is bijna acht uur, dus het begint zo.",
16,Abel Oké...,
17,"Ik dacht meer aan iets spannends, met actie.",
18,Ik volg nu een serie.,
19,Murder's Mansion is de titel.,
20,Ken je die?,
21,Die is echt súpergoed.,
22,Die moet je absoluut zien.,
23,Rhana Nee die ken ik niet.,
24,Waar gaat het over?,
25,"Abel Ja, het is een thriller over dode mensen die weer gaan leven.",
26,Met super veel bloed en actie.,
27,Het is echt heel tof om te kijken.,
28,"Rhana Oké, maar zullen we misschien iets gezelligs kijken?",
29,Ik hou niet zo van series met bloed tijdens het eten.,
30,"Abel Ja, sorry.",
31,Je hebt gelijk.,
32,Waarvan hou jüj dan?,
33,Wat kijk jüj meestal?,
34,Rhana Ik kijk eigenlijk niet zo veel tv.,
35,Ik heb ook geen tv.,
36,Soms kijk ik online wat programma's terug die ik heb gemist.,
37,"Meestal kijk ik het journaal, een talkshow, of een documentaire.",
38,Een quiz vind ik soms ook wel leuk.,
39,"Maar ik kijk eigenlijk vooral programma's van de NPO, niet van andere zenders.",
40,"En ik heb ook geen abonnement of zo, om series te kijken.",
41,"Abel Oké, maar kijk je dan ook nooit een film?",
42,"Rhana Ja, soms wel in de bioscoop.",
43,Abel Maar je kijkt geen series?,
44,"Er zijn echt zó veel goede series, echt allerlei verschillende soorten.",
45,"Er zijn series over politiek, drama, comedy's, misdaadseries, romantische series, soapseries, echt gebeurde verhalen.",
46,Van alles.,
47,Dat doe ik echt het liefst in het weekend: alleen op de bank hangen en series kijken.,
48,Dan kijk ik vaak vier of vijf afleveringen achter elkaar.,
49,Dat vind ik ideaal voor zondagmiddag.,
50,"Rhana Hm, waarom vind je dat zo leuk?",
51,"Ik bedoel, het lijkt me wel leuk hoor.",
52,"Maar het is niet echt actief ofzo, of sociaal.",
53,Ik vind het een beetje zonde van mijn tijd om de hele dag series te kijken.,
54,"Abel Nee, maar die series zijn gewoon superspannend.",
55,Ze zijn echt verslavend.,
56,"En je hoeft even helemaal aan niets te denken, alleen maar te kijken.",
57,Echt ontspannen vind ik dat.,
58,Dan heb ik echt even rust.,
59,Maar wat doe jij dan als je vrij bent?,
60,"Rhana O, in het weekend ga ik meestal sporten.",
61,Of ik drink koffie met vriendinnen of ik ga gewoon even de stad in.,
62,"Abel Ja, ja... dat is ook leuk natuurlijk.",
63,"Maar goed, zullen we dan het journaal kijken?",
64,Er is trouwens ook voetbal op tv...,
65,"Rhana O, sport vind ik wel leuk.",
66,Ajax-PSV toch vanavond?,
67,Ik ben benieuwd wie er gaat winnen.,
68,"Abel Oké, gezellig.",
69,Voor welk doel gebruiken mensen sociale media?,
70,Sociale media zijn bij de hele Nederlandse bevolking populair.,
71,"Jongeren, mensen van middelbare leeftijd en ouderen gebruiken sociale media.",
72,Dat doen ze vooral om contact te maken.,
73,Zestig procent van de gebruikers heeft dankzij sociale media meer contact met vrienden en familie.,
74,Daarnaast gebruiken ze sociale media om nieuws te volgen.,
75,Of ze doen dat om tweedehands spullen en koopjes te zoeken.,
76,"Een deel van de gebruikers zoekt op sociale media naar evenementen, zoals concerten, festivals of speciale feestdagen.",
77,Tot slot willen mensen via sociale media volgen wat andere mensen doen.,
78,Hoeveel tijd besteden gebruikers aan sociale media?,
79,De meeste gebruikers besteden minder dan een uur per dag aan sociale media.,
80,Het valt echter op dat jongeren tussen de 18 en 25 jaar veel vaker op sociale media zitten.,
81,De helft van hen besteedt één tot drie uur per dag aan sociale media.,
82,Voor een kwart is dit drie tot vijf uur.,
83,Een kleine groep van tien procent besteedt zelfs zo'n tien uur per dag aan sociale media.,
84,Ouderen op sociale media Er is ook een toename van het aantal ouderen op sociale media. 65 procent van de ouderen tussen de 65 en 75 jaar zit op sociale media.,
85,Dat is meer dan een aantal jaar geleden.,
86,Er zitten meer ouderen op sociale media omdat ze handiger met hun smartphone of computer zijn geworden.,
87,Ze communiceren via sociale media met hun kleinkinderen en andere familieleden of kennissen.,
88,Wat plaatsen gebruikers?,
89,"De meeste gebruikers delen foto's van belangrijke gebeurtenissen, zoals een huwelijk of een diploma-uitreiking.",
90,"Ze plaatsen slechts een paar keer per jaar een bericht, foto of filmpje op hun profiel.",
91,Een klein deel van de gebruikers plaatst bijna iedere dag iets.,
92,Dit zijn vooral jongeren.,
93,"Zij delen ook foto's van dagelijkse activiteiten, zoals een bezoek aan de sportschool, een restaurant of een feestje.",
94,Wat zijn de nadelen?,
95,"Het gebruik van sociale media heeft een aantal risico's, vooral bij jongeren.",
96,Uit onderzoek blijkt dat steeds meer jongeren aan sociale media verslaafd zijn.,
97,Via hun smartphone zijn ze eigenlijk constant met sociale media bezig.,
98,Deze jongeren krijgen stress als ze hun berichten niet kunnen lezen.,
99,Ze kunnen ook slaapproblemen krijgen.,
100,En ze halen soms slechtere studieresultaten.,
101,Kritische gebruikers noemen nog meer nadelen.,
102,Ze vinden het eigenlijk zonde van hun tijd om sociale media te gebruiken.,
103,Ook vinden ze de advertenties via sociale media irritant.,
104,Daarnaast zijn ze bezorgd over hun privacy.,
105,in & Zoek &e A Home Mijn netwerk Vacatures Berichten Notificaties Bericht Meer...,
106,Boushra Ik ben een ervaren psycholoog.,
107,Ik geef therapie aan mensen die een depressie of andere persoonlijke problemen hebben.,
108,Deze functie past goed bij mijn kwaliteiten.,
109,"Ik ben geduldig, betrouwbaar en behulpzaam.",
110,Mensen praten makkelijk over hun gevoel met mij en ik kan goed luisteren.,
111,Ik vind het belangrijk dat mensen zich tijdens de therapie veilig voelen.,
112,Vorig jaar heb ik mijn eerste boek geschreven.,
113,"Het gaat over een onderwerp dat ik altijd interessant gevonden heb, namelijk depressie bij jongeren. in Q Zoek &8 A Home Mijn netwerk Vacatures Berichten Notificaties Ik Bericht Meer...",
114,Reza Al 15 jaar werk ik met veel plezier bij de Bijenkorf in Amsterdam.,
115,Tijdens mijn studie Business en Fashion heb ik een jaar bij de Bijenkorf stage gelopen.,
116,"Ik viel ook regelmatig in, als een verkoper ziek was.",
117,Na mijn studie ben ik verkoper geworden.,
118,En tegenwoordig geef ik als manager leiding aan een groep enthousiaste medewerkers.,
119,Contact met collega's vind ik het leukste van mijn baan.,
120,Mijn collega's beschrijven me als sociaal en flexibel.,
121,"Als het nodig is, val ik in of ruil ik een dag met een collega.",
122,Verder vind ik mezelf creatief en ik heb veel kennis van mode.,
123,Ook ben ik goed in verkopen.,
124,Ik kan heel goed kleding aan onze klanten verkopen. in a Zoek E Home he Mijn netwerk A Vacatures Berichten Notificaties Paulo Bericht Meer...,
125,Ik ben een actief persoon die van hard werken houdt.,
126,Ik ben bijna klaar met mijn studie wiskunde en ik werk als bezorger bij PostNL.,
127,Ook geef ik bijles aan scholieren die wiskunde moeilijk vinden.,
128,Op dit moment ben ik op zoek naar een serieuze baan.,
129,Ik ben kritisch en ik heb een duidelijke mening.,
130,Daarnaast kan ik goed met apparaten werken en ik ben dus erg handig.,
131,Ik heb vooral interesse in een baan bij een klein bedrijf.,
132,"Ik ben zelfstandig, maar ik kan ook goed samenwerken.",
133,Een goede sfeer op het werk vind ik heel belangrijk.,
134,Dat lijkt me heerlijk Julie belt haar vriendin Petra.,
135,Julie en Petra hebben allebei kinderen.,
136,"De vriend van Petra, Hans, is ook thuis.",
137,Petra Hé Julie.,
138,"Julie Hoi, hoe is het?",
139,Petra Goed hoor.,
140,Bij jullie?,
141,"Julie Ja, prima.",
142,"Hé, ga je vanmiddag mee zwemmen, in dat nieuwe zwembad?",
143,Ze hebben een speciale middag voor ouders en kinderen.,
144,Dus wij kunnen ook mee.,
145,"Petra Hm, nou, dat lijkt me wel leuk, maar dat gaat niet.",
146,Ik moet Joris vanmiddag naar hockeytraining brengen.,
147,Julie O jammer.,
148,"Ik ga sowieso, want ze hebben voor volwassenen ook een sauna.",
149,"Petra O, dat lijkt me heerlijk ...",
150,Julie Kan Hans Joris niet naar hockey brengen?,
151,"Petra Hm ja, wie weet, wacht, ik vraag het even.",
152,Hans Ja.,
153,Petra Hans Petra Kun jij Joris vanmiddag naar het hockeyveld brengen?,
154,Hoe laat?,
155,Om twee uur.,
156,"Hans Hm, dat is lastig.",
157,Ik heb met Sjoerd afgesproken.,
158,"We gaan hardlopen, omdat we volgende week die wedstrijd hebben.",
159,Weet je nog?,
160,We moeten trainen.,
161,"Petra O ja, dat is volgende week al.",
162,Julie Julie?,
163,"Petra Ja, dat gaat dus niet.",
164,Hans moet voor een hardloopwedstrijd trainen.,
165,"Julie Nou ja, niks aan te doen.",
166,Ga je dit weekend nog wel iets leuks doen?,
167,"Petra Nou, naar de hockey dus.",
168,Ik denk dat ik daarna gelijk boodschappen voor mijn vader doe.,
169,Misschien ga ik met hem ook nog een stukje op het strand wandelen.,
170,"Julie Goh, heb jij wel een beetje tijd voor jezelf, af en toe?",
171,"Petra Ach, voorlopig niet zoveel denk ik.",
172,"De kinderen hebben zoveel activiteiten, we moeten ze overal naartoe brengen en weer ophalen.",
173,"Dus ja, ik heb pas meer vrije tijd als de kinderen ouder zijn.",
174,Onze agenda's zitten behoorlijk vol.,
175,Julie Dat hoor ik.,
176,"Nou, een fijn weekend dan.",
177,Laten we binnenkort samen iets gaan drinken.,
178,"Petra Ja leuk, veel plezier in het zwembad vanmiddag.",
179,"Julie Dank je, doei.",
180,"Petra Doei, tot snel.",
181,Wanneer bent u vrij en wanneer is de school van uw kinderen dicht?,
182,Hier leest u alles over vrije dagen in Nederland.,
183,Feestdagen Nederland heeft niet zoveel officiële vrije dagen als de meeste andere Europese landen.,
184,"Op de christelijke feestdagen Kerstmis, Pasen, Hemelvaart en Pinksteren zijn de meeste mensen vrij.",
185,Scholen hebben dan vakantie en de meeste bedrijven en kantoren zijn dicht.,
186,Dat geldt ook voor 1 januari.,
187,"Kerstmis is ieder jaar op dezelfde datum, op 25 en 26 december.",
188,"De andere feestdagen vallen ieder jaar op een andere datum, in het voorjaar.",
189,Koningsdag en 4 en 5 mei Behalve de christelijke feestdagen heeft Nederland nog één officiële vrije dag: Koningsdag.,
190,Dat is ieder jaar op 27 april: de verjaardag van koning Willem-Alexander.,
191,Koningsdag kent veel tradities.,
192,Veel plaatsen hebben een markt en optredens met muziek en mensen dragen oranje kleding. 4 en 5 mei zijn ook speciale dagen.,
193,Dan herdenken veel Nederlanders het einde van de Tweede Wereldoorlog in 1945.,
194,"Op 4 mei is iedereen om 20.00 uur twee minuten stil, uit respect voor de slachtoffers.",
195,Op 5 mei vieren ze dat de oorlog is afgelopen.,
196,"In veel steden zijn dan feesten. 5 mei is één keer in de vijf jaar ook een officiële vrije dag, bijvoorbeeld in 2020, 2025, enzovoorts.",
197,"Vakanties Scholieren hebben in Nederland vijf keer per jaar vakantie: in de herfst, met kerst en oud en nieuw, in het voorjaar, in mei en in de zomer.",
198,De data van de vakanties zijn ieder jaar anders.,
199,Ze verschillen soms ook per regio.,
200,"Het zuiden, noorden en midden van Nederland hebben niet altijd tegelijk vakantie.",
201,Jade Mijn zus heeft twee kinderen.,
202,"Op vrijdagavond wil ze met haar vriend uitgaan, maar ze heeft geen oppas.",
203,Nu heeft ze mij gevraagd.,
204,"Ik ben dol op mijn neefje en nichtje, maar ik heb al andere plannen op vrijdag.",
205,"Ik wil dus eigenlijk 'nee' zeggen, maar ik durf het niet.",
206,Mijn zus wordt namelijk nogal snel kwaad.,
207,Ze vindt dat je je familie altijd moet helpen.,
208,Is dat zo?,
209,Mag ik geen 'nee' tegen mijn familie zeggen?,
210,Kunnen jullie even reageren?,
211,"Ja, je zus heeft gelijk.",
212,Je moet niet zo egoïstisch doen.,
213,Het is toch niet zoveel moeite?,
214,Je kunt zelf op zaterdagavond nog iets leuks gaan doen.,
215,John Pff... je zus is zelf egoïstisch.,
216,Kan ze geen oppas betalen?,
217,"Je moet het niet doen, als je geen zin hebt.",
218,"Het is het gezin van je zus en je zwager, dus het is ook hun probleem.",
219,Doen zij wel eens iets voor jou?,
220,"Simon Omar Een vriend van me heeft een hond, maar hij reist veel voor zijn werk.",
221,En dan is die hond een probleem natuurlijk.,
222,"Hij heeft me een maand geleden al een keer gevraagd: 'Mag mijn hond bij je logeren?' Ik heb toen gezegd: 'Sorry, ik kan niet, want ik ben dit weekend niet thuis'.",
223,Ik heb niet uitgelegd dat ik niet van honden hou.,
224,Dat durf ik niet.,
225,Maar nu vraagt hij het weer!,
226,Ik wil helemaal niet op zijn hond passen.,
227,Bovendien heb ik niet genoeg ruimte in mijn huis.,
228,Moet ik nu eerlijk zijn?,
229,Of moet ik weer een excuus verzinnen?,
230,Hij is één van mijn beste vrienden en ik wil geen ruzie met hem.,
231,"Zeg gewoon 'nee' tegen je vriend, maar leg je reactie wel uit.",
232,Vertel hem dat je niet van honden houdt.,
233,Dan vraagt hij je de volgende keer ook niet meer.,
234,"Sara Zeg nee, en bedenk gewoon een smoes.",
235,Zeg bijvoorbeeld dat je naar je schoonouders moet.,
236,Of zeg dat je voor een examen moet studeren en dat je geen tijd hebt.,
237,Philip Je moet inderdaad zeggen dat je honden niet leuk vindt.,
238,Dat is toch de waarheid?,
239,"Je moet niet liegen, dat is niet goed voor jullie vriendschap.",
240,Je vriend wordt vast boos als hij dat ontdekt.,
241,Nederlands leren Bas heeft een interview met Omar over Nederlands leren.,
242,"Omar komt uit Egypte, zijn moedertaal is Arabisch.",
243,In Cairo was hij docent Engels.,
244,"Hij heeft het Staatsexamen NT2, Programma II, gehaald.",
245,Bas Welkom Omar.,
246,En nog gefeliciteerd met je diploma!,
247,Omar Dank je.,
248,"Bas Nou, meteen maar de eerste vraag.",
249,Is Nederlands leren moeilijk?,
250,"Omar Tja, je wilt natuurlijk 'ja' of 'nee' horen.",
251,Maar dat hangt van je moedertaal af.,
252,In mijn flat woont bijvoorbeeld een Duitse student.,
253,"Voor hem is Nederlands gemakkelijk, omdat het Duits dichtbij het Nederlands staat.",
254,"Als je moedertaal Arabisch is, is het veel moeilijker.",
255,"Bas Je hebt Engels gestudeerd, Omar.",
256,Helpt het als je al een andere taal hebt geleerd?,
257,"Omar Jazeker, dat is een voordeel.",
258,Dat maakt Nederlands leren makkelijker.,
259,Bas Zijn er nog meer positieve invloeden?,
260,"Omar Nou, motivatie bijvoorbeeld.",
261,Hoe gemotiveerd ben je?,
262,Hoeveel tijd besteed je aan je huiswerk?,
263,En zo kan ik nog wel even doorgaan.,
264,Bas Graag!,
265,Doe maar.,
266,Omar Je moet ook taalcontact buiten de les hebben.,
267,Bas Taalcontact met Nederlanders bedoel je?,
268,Omar Ja.,
269,Een goede docent en een goede lesmethode zijn niet genoeg.,
270,Je moet overal en met iedereen Nederlands spreken.,
271,"Het gaat niet echt vanzelf, ik heb voor dat diploma hard gewerkt.",
272,"Bas Ja, daarom spreek je ook zo goed, denk ik.",
273,"Wat wil je nog meer met de taal bereiken, wat is je doel?",
274,Omar Ik wil nog beter leren schrijven.,
275,Schrijven in het Nederlands vind ik het moeilijkst.,
276,Bas Ik hoor weleens dat de uitspraak van het Nederlands erg lastig is.,
277,"Omar Nou, vooral de uitspraak van nieuwe, onbekende klanken.",
278,"De 'eu' van 'keuken' bijvoorbeeld, die bestaat in het Arabisch niet.",
279,En Nederlanders begrijpen je echt niet als je een klank verkeerd uitspreekt.,
280,Bas En hoe zit het dan met de grammatica van het Nederlands?,
281,Is die moeilijk?,
282,"Omar Ook dat hangt van je moedertaal af, van de grammatica van je moedertaal.",
283,Grote verschillen maken het lastig.,
284,"Het Arabisch heeft bijvoorbeeld maar één lidwoord en niet drie, zoals het Nederlands.",
285,Maar nu klink ik zo negatief en dat is niet mijn bedoeling.,
286,"Ik hou van nieuwe dingen leren, het mag ook moeilijk zijn!",
287,Bas Wat denk je: kan ik Arabisch leren?,
288,Omar Hoe graag wil je dat?,
289,"Bas Eh, ik ben niet zo gemotiveerd als jij, denk ik.",
290,"KIJKEN OP EEN SCHOOL IN HET BUITENLAND Docent Jeroen Bos bezocht met vijftien vwo-leerlingen een school in Beijing, in China.",
291,Iedereen was positief over de reis.,
292,Jeroen vertelt over zijn ervaringen daar.,
293,Hoe zag het programma eruit?,
294,We volgden een aantal lessen op de school en kregen ook een paar workshops.,
295,De leukste was die over Chinese muziek.,
296,Verder bezochten we toeristische plekken zoals de Chinese Muur.,
297,De leerlingen logeerden bij Chinese leerlingen thuis en dat vonden ze ontzettend leuk.,
298,Wat viel je op in de lessen?,
299,Een aantal dingen op de school vielen me op.,
300,De docenten spraken veel en stelden af en toe een korte vraag aan een leerling.,
301,In Nederland zijn leerlingen veel actiever tijdens de lessen.,
302,Ze stellen zelf vragen en geven regelmatig een presentatie.,
303,"Verder zagen we leerlingen nauwelijks in groepjes samenwerken, zoals in Nederland veel gebeurt.",
304,"Hun uniform viel natuurlijk ook op, omdat Nederlandse leerlingen geen uniform dragen.",
305,Tot slot: de schooldagen zijn langer dan in Nederland.,
306,En 's avonds maken de leerlingen ook nog tot tien of elf uur huiswerk.,
307,Of ze hebben bijles op school. ledereen wil en moet goed presteren.,
308,Hebben leerlingen tijd voor ontspanning?,
309,Leerlingen hebben minder vrije tijd dan in Nederland.,
310,"Ze sporten ook meestal op school, op de campus.",
311,"Nederlandse kinderen sporten vooral na schooltijd, in sportclubs.",
312,Chinese leerlingen hebben geen tijd voor bijbaantjes.,
313,Ze mogen trouwens pas een bijbaantje hebben als ze achttien zijn.,
314,In Nederland mag dat vanaf vijftien jaar.,
315,Wat vond je bijzonder?,
316,Ik vond de aandacht voor muziek in het Chinese onderwijs bijzonder.,
317,Veel Chinese kinderen spelen piano.,
318,En op deze school zijn speciale ruimtes voor pianolessen.,
319,In het algemeen vond ik de leerlingen erg gemotiveerd en dat mis ik soms in Nederland.,
320,Kapot Wilco en Pieter zijn huisgenoten.,
321,Ze zijn in de keuken.,
322,"Wilco Hé Pieter, wanneer heb jij die pizza in de oven gedaan?",
323,"Pieter Uhm, een kwartier geleden.",
324,Hoezo?,
325,Wilco Hij is nog bevroren.,
326,Heb je de oven wel aangezet?,
327,"Pieter Hè, jawel toch.",
328,Doet hij het niet?,
329,Wilco Nee.,
330,Pieter Misschien moet je even op die grote knop drukken?,
331,"Wilco Nou, hij doet echt helemaal niks.",
332,Pieter Misschien hebben we een stroomstoring?,
333,"Wilco Nee, want de magnetron doet het wel.",
334,Pieter Wat gek.,
335,"Nou, dan denk ik dat hij echt kapot is.",
336,Wat doen we nu?,
337,Wilco Ik zoek het nummer van de winkel wel even op.,
338,Dan bel ik die wel even.,
339,Misschien kunnen ze een monteur sturen.,
340,"Pieter Ja, goed idee.",
341,Loes en Willemijn zijn huisgenoten.,
342,Ze zijn op zolder.,
343,Willemijn Loes?,
344,Heb jij je was in de wasmachine gedaan?,
345,"Loes Ja, vanmorgen heb ik hem aangezet.",
346,Is hij nog niet klaar?,
347,"Willemijn Nee, volgens mij niet.",
348,De wasmachine zit nog vol met water.,
349,En de vloer is ook helemaal nat.,
350,"Loes O, wat raar.",
351,"Ik heb gisteren nog gewassen, toen deed hij het gewoon.",
352,Willemijn Heb je wel het juiste programma gekozen?,
353,"En je hebt aan die linker knop gedraaid, toch?",
354,"Loes Ja, ja, volgens mij wel.",
355,Willemijn Hm... op het schermpje staat 'error' en dat rode lampje brandt.,
356,Loes Oké.,
357,Wat doen we nu?,
358,Willemijn Mijn vriend komt zo.,
359,Misschien kan hij hem maken?,
360,"Loes Ja, want een reparatie gaat wel wat kosten.",
361,"Willemijn Als dat niet lukt, bellen we die ene monteur.",
362,Die is hier vorig jaar ook geweest.,
363,"Loes O ja, ik heb zijn nummer nog wel ergens.",
364,Loes belt met de monteur.,
365,"Monteur Splash monteurs goedemiddag, wat kan ik voor u doen?",
366,"Loes Ja, goedemiddag, met Loes Versluis.",
367,Onze wasmachine is stuk.,
368,"Monteur Oké, wat is precies het probleem?",
369,"Loes Nou, het water gaat niet weg en hij lekt ook.",
370,"Als we de wasmachine aanzetten, is de vloer telkens helemaal nat.",
371,"Het is een nieuw type, we hebben hem vorig jaar gekocht.",
372,Wanneer kunt u langskomen?,
373,"Monteur Oké, even kijken.",
374,Morgen kan onze monteur bij u langskomen.,
375,Bent u dan thuis?,
376,"Loes Ja, morgenmiddag kan ik.",
377,"Monteur Oké, het tijdstip is een beetje afhankelijk van de drukte.",
378,Ik denk ongeveer tussen 14.00 en 16.00 uur.,
379,"Loes Oké, dat is prima.",
380,Monteur Ik weet nog niet hoe laat precies.,
381,Dat laten we u morgen weten.,
382,"Loes Fijn, dank u wel.",
383,Monteur Tot ziens.,
384,Loes Dag.,
385,Stefan en Sharon zijn broer en zus.,
386,Hun moeder is ook thuis.,
387,Sharon zit in haar eigen kamer.,
388,"Sharon Hé, wat doe je in mijn kamer?",
389,"Stefan Uh, ik zoek een föhn.",
390,Mag ik je föhn even lenen?,
391,Sharon Een föhn?,
392,Sinds wanneer droog jij je haar?,
393,Anders zit het raar.,
394,Ik ga zo naar een feestje.,
395,"Stefan Sharon Oh, spannend!",
396,"Nou, hij ligt niet hier.",
397,Vraag maar aan mama.,
398,Stefan Mam...,
399,Moeder Ja?,
400,Stefan Waar is de föhn van Sharon?,
401,"In de badkamer, naast mijn elektrische tandenborstel.",
402,Hoezo?,
403,Moeder Stefan Gewoon.,
404,"En heb je mijn nieuwe, zwarte broek gezien?",
405,Heb je hem in de droger gedaan?,
406,"Moeder Nee, die heb ik buiten opgehangen.",
407,Stefan Is hij al droog?,
408,Moeder Dat denk ik wel.,
409,Stefan Wil jij hem dan strijken?,
410,"Moeder Nou, kun je dat zelf niet even doen?",
411,Het strijkijzer staat in de kast bij de stofzuiger.,
412,"Stefan Ja maar mam, ik heb haast en ik moet mijn tanden nog poetsen.",
413,"Moeder Kom op, probeer het zelf even te doen.",
414,Stefan Oké...,
415,Moeder Is je zus daar nog?,
416,Stefan Ja.,
417,Moeder Sharon?,
418,Sharon Ja...,
419,Moeder Wil jij die vuile borden op het aanrecht even afwassen?,
420,"Sharon Mam, ik heb huiswerk.",
421,"Moeder Sharon Kom op, dat is zo gebeurd.",
422,Je hoeft ze niet in de kast te zetten.,
423,Dat doe ik wel.,
424,En dan zet ik daarna lekker koffie voor ons.,
425,O...Waarom hebben we geen afwasmachine?,
426,Moeder Omdat we al genoeg apparaten hebben.,
427,Vorige week heb ik nog een nieuwe waterkoker gekocht.,
428,"We hebben echt geen afwasmachine nodig, dat is ook niet zo goed voor het milieu.",
429,Sharon Kan Stefan de afwas niet doen?,
430,"Stefan Nee, ik moet strijken!",
431,Jammer zus.,
432,Sharon Oké...,
433,"Trouwen, samenwonen en scheiden Wat is er veranderd in Nederland?",
434,Ontmoeten De eerste ontmoeting is een belangrijk moment.,
435,"De meeste mensen in Nederland leren in hun vrije tijd hun partner kennen, bijvoorbeeld op een feestje of via een sportvereniging.",
436,Soms ontmoeten mensen elkaar omdat de familie dat graag wil.,
437,De laatste jaren zoeken steeds meer mensen een partner online.,
438,"Ze sturen elkaar via een app of website een bericht, ze spreken af en gaan 'daten'.",
439,"Als alles goed gaat, worden ze verliefd en krijgen ze een relatie.",
440,Zelfstandig wonen en samenwonen Ongetrouwd samenwonen wordt ieder jaar populairder.,
441,Veel jonge mensen willen eerst samenwonen.,
442,Ze willen hun partner eerst beter leren kennen.,
443,Pas daarna trouwen ze of ze trouwen helemaal niet.,
444,Ook het aantal alleenstaande mensen is erg toegenomen.,
445,Alleenstaande mensen zijn mensen die alleen wonen.,
446,Trouwen Vroeger was ongetrouwd samenwonen niet zo vanzelfsprekend.,
447,De meeste mannen en vrouwen trouwden toen voor hun vijfentwintigste.,
448,Tegenwoordig trouwen mensen gemiddeld tien jaar later.,
449,Het aantal huwelijken in Nederland daalt nog steeds.,
450,"Sinds 2001 kunnen twee mannen ook met elkaar trouwen, net als twee vrouwen.",
451,Kinderen Vrouwen krijgen ook steeds later en minder kinderen dan vroeger.,
452,Ze krijgen nu gemiddeld twee kinderen en zijn gemiddeld dertig jaar oud als ze hun eerste kind krijgen.,
453,Een traditioneel gezin is vooral minder belangrijk voor mensen met een hoge opleiding en een drukke baan.,
454,Ze stellen het krijgen van kinderen vaak uit.,
455,Scheiden Meer dan dertig procent van de huwelijken in Nederland eindigt in een scheiding.,
456,Mensen scheiden vooral omdat ze te veel ruzie met elkaar maken.,
457,"Ruzies gaan bijvoorbeeld over geldproblemen, verschillende culturen of verschillende verwachtingen van de toekomst.",
458,Veel gescheiden ouders delen samen de zorg en de opvoeding van de kinderen.,
459,De kinderen wonen bijvoorbeeld de ene week bij hun moeder en de andere week bij hun vader.,
460,Hoe gaat het daar?,
461,Rafael en Sidra zijn vrienden.,
462,Sidra woont tijdelijk in Australië.,
463,Ze bellen elkaar elke zondag.,
464,"Rafael Ha Sidra, kun je me horen?",
465,Sidra Hé!,
466,"Jazeker, ik hoor je perfect!",
467,Rafael Mooi!,
468,Hoe gaat het daar aan de andere kant van de wereld?,
469,Is het nog steeds zo heet?,
470,"Sidra Ja, het is hier bloed heet, maar ik zal niet klagen.",
471,Ik hoorde dat het in Nederland al de hele week vriest.,
472,"Rafael Klopt, gisteren was het zelfs tien graden onder nul!",
473,Ik heb de hele tijd koude voeten.,
474,"Zeg, heb je nog iets leuks gedaan dit weekend?",
475,"Sidra Ja, mijn broers zijn op bezoek!",
476,"Ik wilde ze meteen de blauwe zee laten zien, dus we zijn gisteren naar het strand gegaan.",
477,En 's avonds heb ik uitgebreid gekookt.,
478,"Rafael Oh, leuk!",
479,Slapen je broers bij jou thuis?,
480,"Sidra Nee, ze slapen in een hotel.",
481,Mijn huisje is veel te klein voor een extra bed.,
482,Rafael Ah ja.,
483,En tot wanneer blijven ze?,
484,"Sidra Tot vrijdag, dan vliegen ze terug naar Nederland.",
485,We hebben nog veel plannen.,
486,Vanavond gaan we uit eten en morgen gaan we waarschijnlijk wandelen in de natuur.,
487,"Rafael Pff, je maakt me jaloers!",
488,"Sidra Ah, heb jij nog iets leuks meegemaakt?",
489,"Rafael Nee, niets bijzonders.",
490,Ik voelde me niet zo lekker.,
491,Dus gisteren heb ik lekker uitgerust en twee films gekeken.,
492,Maar volgend weekend heb ik een verjaardagsfeestje.,
493,"Sidra Oh, van wie?",
494,Rafael Van mijn oma.,
495,"Mijn neven en nichten komen ook, dus het wordt vast gezellig.",
496,Sidra Dat denk ik ook!,
497,Wanneer kom jij op bezoek in Australië?,
498,"Hier schijnt de zon elke dag, dus je zal hier geen koude voeten hebben.",
499,"Rafael Ja, ik wil je zo snel mogelijk bezoeken, maar ik moet eerst voor de vliegtickets sparen.",
500,"Sidra Ah, maar je komt wel, hè?",
501,Rafael Uiteraard!,
502,En ik zal een cadeautje uit Nederland voor je meenemen.,
503,"Sidra Oeh, ik ben benieuwd!",
504,"Nou, ik ga weer genieten van het Australische klimaat.",
505,Ik bel je volgende week weer.,
506,"Rafael Prima, doe je broers de groeten van me.",
507,Sidra Zal ik doen.,
508,Tot volgende week!,
509,"farshad@online.nl Aan: elia@online.nl Onderwerp: Hoe gaat het? 11 maart 11:03 Hoi Elia, Lang niet gesproken!",
510,Gisteren kwam ik je broer in de trein tegen.,
511,"Ik herkende hem meteen, want hij lijkt nog steeds heel veel op je.",
512,Hij heeft net zulke donkere ogen en bruine krullen als jij.,
513,"Maar hij heeft een baard, jij niet toch?",
514,Je broer vertelde dat jullie vader laatst is overleden.,
515,Gecondoleerd.,
516,Hoe gaat het nu met je?,
517,Leeft je moeder nog wel?,
518,Toevallig liep ik vandaag langs jullie huis van vroeger.,
519,Ik heb zoveel herinneringen aan dat huis.,
520,Ik weet nog dat ik elke zaterdag bij jullie kwam eten.,
521,Je vader vertelde dan veel grappige verhalen; we konden niet stoppen met lachen.,
522,"Je moeder was ook altijd heel aardig, en ze maakte heerlijke taarten!",
523,Het was een mooie tijd...,
524,Ik hoop dat alles goed met je gaat.,
525,"Als je het leuk vindt, kunnen we binnenkort een biertje drinken.",
526,Groet van Farshad ૧ elia@online.nl Aan: farshad@online.nl Onderwerp: RE: Hoe gaat het?,
527,"Hoi Farshad, 12 maart 08:45 Bedankt voor je e-mail.",
528,Leuk dat je mijn broer in de trein bent tegengekomen!,
529,Mijn vader is inderdaad vorige maand overleden.,
530,"Ik mis hem wel, maar ik ben niet heel verdrietig.",
531,Hij was al 91 en hij heeft een mooi leven gehad.,
532,"Mijn moeder leeft gelukkig nog wel, en ik heb nog veel tantes en ooms.",
533,Wat een leuke herinneringen heb je!,
534,"Mijn vader was inderdaad heel grappig, maar ik schaamde me vroeger altijd voor zijn grapjes.",
535,Volgens mijn moeder ben ik net zo vrolijk als hij.,
536,"En net zo ongeduldig en eigenwijs, zegt ze.",
537,"Ons karakter was bijna hetzelfde, maar ons uiterlijk niet.",
538,Mijn vader had steil haar en een lichtere huid.,
539,Hij was vroeger blond.,
540,"En hij was 1 meter 90, dus veel langer dan wij.",
541,Mijn broer en ik lijken meer op onze moeder.,
542,"We hebben dezelfde lengte en alle drie grote oren, haha.",
543,Een biertje drinken lijkt me leuk!,
544,Kun je me je telefoonnummer sturen?,
545,Dan bel ik je even.,
546,Groeten!,
547,Hebben we alles geregeld?,
548,Mirjam gaat over twee maanden met Jeroen trouwen.,
549,Ze praat met haar moeder over de bruiloft.,
550,"Mirjam Mam, ik vind het nu al spannend.",
551,Ik hoop dat ik aan alles heb gedacht.,
552,Moeder Wat hebben jullie al geregeld?,
553,Is je trouwjurk bijvoorbeeld al klaar?,
554,"Mirjam Ja, maar het pak voor Jeroen nog niet.",
555,Dat kan hij dit weekend ophalen.,
556,Moeder En hebben jullie de ringen al?,
557,Mirjam Die gaan we morgen samen uitzoeken.,
558,"Moeder Oké, zijn de uitnodigingen voor het feest al verstuurd?",
559,"Mirjam Nee, die versturen we dit weekend, als ze klaar zijn.",
560,"Moeder Mooi, en hoeveel gasten verwachten jullie?",
561,"Mirjam Nou, zeker honderd.",
562,Moeder Heb je alle adressen gecontroleerd?,
563,Ben je niemand vergeten?,
564,"Mirjam Uhm, hopelijk niet...",
565,Moeder Hebben jullie het stadhuis geregeld?,
566,En de feestruimte?,
567,"Mirjam Ja, om twee uur moeten we in het stadhuis zijn.",
568,En de feestruimte hebben we vanaf acht uur gehuurd.,
569,Moeder Oké.,
570,Even denken...,
571,"Eten, drinken, muziek?",
572,"Mirjam Ja, ja en ja.",
573,We hebben een enorme taart besteld!,
574,"Moeder Lekker, zeg.",
575,En wie maakt de foto's?,
576,Mirjam We moeten nog een fotograaf regelen.,
577,"Jeroen kent een fotograaf die mooie foto's kan maken, maar ik moet hem nog bellen.",
578,"Moeder Nou, dan zijn jullie hartstikke goed voorbereid, volgens mij.",
579,Hebben jullie trouwens jullie huwelijksreis al geregeld?,
580,"Mirjam Nee, nog niet.",
581,"Jeroen wil graag een maand door Azië reizen, maar dat lijkt me niets.",
582,"Ik wil gewoon een weekje naar Spanje, ofzo, lekker uitrusten in een hotel.",
583,Moeder Papa en ik gingen ook naar Spanje.,
584,"Ik herinner me onze huwelijksreis nog goed, het regende de hele week en papa werd ziek.",
585,"Mirjam Haha, wat een pech!",
586,"O ja, mama, waar moeten opa en oma na de bruiloft slapen?",
587,Kunnen die een nachtje bij jullie logeren?,
588,"Moeder Ja, natuurlijk, maak je maar geen zorgen.",
589,"Mirjam Oei, ik bedenk ineens dat ik de kapper nog niet heb gebeld!",
590,"Moeder Oh ja, dat is wel belangrijk.",
591,En heb je eigenlijk al een bruidsboeket uitgezocht?,
592,"Mirjam Oh nee, de bloemen ben ik helemaal vergeten!",
593,"Mam, nu word ik echt nerveus!",
594,Ali zit bij de kapper.,
595,"Kapper Ali Ha Ali, ga hier maar zitten.",
596,Sinds wanneer heb je een baard?,
597,Dat is een hele verandering in je gezicht.,
598,"Ja, leuk hè?",
599,Ik had geen zin meer om me te scheren.,
600,Andere stem Wil je iets drinken?,
601,Ali Koffie graag.,
602,Ali Andere stem Espresso of cappuccino?,
603,Doe maar een espresso.,
604,"Kapper Wat is je haar lang, het is hard gegroeid.",
605,Wanneer ben je hier voor het laatst geweest?,
606,Ali Dat is wel drie maanden geleden.,
607,Kapper Heb je het druk?,
608,"AT Ali Ja, nogal, ik ben net verhuisd.",
609,"Kapper Oh, waar naartoe?",
610,Ali Naar de Koestraat.,
611,"Kapper Leuk, lekker in het centrum.",
612,"Ali Ja, en dichterbij mijn werk.",
613,Kapper Wat doe je ook alweer?,
614,Ali Ali Kapper Ali Kapper AT Ik ben psycholoog.,
615,"O ja, nu weet ik het weer.",
616,Je werkt met kinderen.,
617,"Vertel, wat gaan we met je haar doen?",
618,Hoe wil je het hebben?,
619,Knip het maar lekker kort voor de zomer.,
620,"Ik ga het eerst even wassen, oké?",
621,"Oh, dat hoeft niet, ik heb het thuis al gewassen.",
622,Kapper Ik zie het.,
623,Je wilt het dus kort.,
624,Weet je het zeker?,
625,Ali Kapper Ali AT Heb je een ander idee dan?,
626,"Nou, ik vind het wel mooi als het kort bij je oren is.",
627,En kort in de nek.,
628,En dan laat ik de bovenkant wat langer.,
629,Ik twijfel.,
630,Is mijn haar wel geschikt voor dat model?,
631,Kapper Zeker weten.,
632,Het staat ook goed bij je baard en je gezicht.,
633,Ali AT Kapper Ali Kapper Je hebt me overtuigd.,
634,"Doe maar, ik ben benieuwd.",
635,Ik laat je straks ook zien hoe je het moet föhnen.,
636,Ik ga dus straks als een ontzettend knappe man naar buiten.,
637,Nog knapper dan je al bent.,
638,Ivet zit bij de kapper.,
639,Kapper Wat gaan we doen?,
640,Wat wil je?,
641,Ivet Wat denk je?,
642,Ik weet het niet zo goed.,
643,"Kapper Met die mooie, dikke krullen van jou kan ik alles doen.",
644,Je haar zit altijd goed.,
645,"Ivet Nou, maar ik moet wel een goede shampoo gebruiken, het is erg droog.",
646,Kapper Dat klopt.,
647,Kijk eens hier in de spiegel.,
648,Zal ik het een beetje rond knippen?,
649,Het is nu recht.,
650,"Ivet O ja, goed idee.",
651,Kapper Moet ik het ook kleuren?,
652,"Je wordt al een beetje grijs, zie ik.",
653,"Ivet Ja, doe maar.",
654,"Maak het maar wat lichter, wat blonder.",
655,Kapper Komt in orde.,
656,Je bent lekker bruin.,
657,Ben je op vakantie geweest?,
658,"Ivet Ja, naar Portugal.",
659,Heerlijk.,
660,Kapper Dat wil ik ook wel.,
661,Ivet Wanneer heb jij vakantie?,
662,"Kapper Oh, pas over anderhalve maand.",
663,Het is nu nog te druk hier.,
664,"In de zomervakantie sluit ik de zaak een week, dan kan ik weg.",
665,Ivet En waar ga je dan naartoe?,
666,Kapper Ik heb nog geen idee.,
667,"Kom, doe je bril maar even af.",
668,Ik ga je haar wassen.,
669,Ik heb een speciale shampoo voor droog haar.,
670,"En voordat ik ga föhnen, doe ik nog iets anders in je haar.",
671,Dat laat ik je straks wel zien.,
672,"Ivet Oh, dat is fijn.",
673,"ALS IK NIET SPORT, WORD IK CHAGRIJNIG Julia woont met haar vriend in Almelo.",
674,Ze werkt als ict'er.,
675,In haar vrije tijd is ze altijd in beweging.,
676,"Als ze niet op haar racefiets zit, loopt ze hard in het bos of traint ze in de sportschool.",
677,Was je als kind al zo sportief?,
678,"'O ja, ik kon geen minuut stilzitten, ik was altijd buiten.",
679,Ik speelde graag voetbal met mijn buurjongetjes.,
680,En ik zat op turnen.' Je was zeker geen meisje voor ballet?,
681,"'Nee, dat vond ik vreselijk.",
682,"Ik deed judo en later een teamsport, volleybal.' Wat bedoel je met 'later'?",
683,Op de middelbare school?,
684,"'Ja, ik ging volleybal spelen totdat ik ging studeren.",
685,Toen kreeg ik meer plezier in hardlopen.' En sinds wanneer ga je naar de sportschool?,
686,"'Sinds een jaar of tien, denk ik.",
687,"Met hardlopen en fietsen train je natuurlijk je conditie, maar verder alleen je beenspieren.",
688,De sportschool is echt fijn om alle spieren goed te trainen.' Wat betekent sporten voor jou?,
689,"'Sporten is voor mij als eten, tandenpoetsen en werken.",
690,Het is een vast onderdeel van mijn leven.,
691,"Ik heb het nodig, ik moet bewegen!",
692,"Als ik niet sport, word ik chagrijnig.",
693,Op kantoor zit ik de hele dag achter een computer en dat is echt niet goed voor mijn humeur.,
694,Daarom ga ik op mijn racefiets naar het werk.,
695,Goed voor mijn conditie en echt een lekker begin van de dag.,
696,"'s Avonds ga ik naar de sportschool, drie keer per week.",
697,En in het weekend sport ik natuurlijk buiten.,
698,Ik loop hard in het bos of ik fiets met een groepje.' Vind je het ook leuk om naar sport te kijken?,
699,"'Ja, vrouwenvoetbal natuurlijk.",
700,Mijn vriend en ik zijn ook Ajaxsupporters.' Sport je vriend ook zoveel?,
701,'Hij is minder sportief.,
702,We hebben wel een tijdje samen in de sportschool getraind.,
703,Maar hij vond het al gauw saai.,
704,"En omdat hij veel last van spierpijn had, hield hij op.",
705,"Hij heeft niet zoveel discipline als ik, maar hij is wel veel relaxter!'",
706,Hij houdt van kunst Sven en Mark zijn collega's.,
707,Ze komen elkaar op de gang tegen.,
708,"Sven Oh Mark, mag ik je iets vragen?",
709,Mark Natuurlijk.,
710,Sven Ik heb je advies nodig.,
711,Jij gaat regelmatig naar museums en zo.,
712,Kun je even met me meedenken?,
713,Mark Ik luister.,
714,Waar komt die interesse opeens vandaan?,
715,Krijg je je moeder op bezoek of zo?,
716,"Sven Nee, een vriend uit Mexico.",
717,Hij komt naar Nederland en dan gaan we samen op stap.,
718,Maar ik weet niet zo goed wat we moeten doen.,
719,Hij houdt namelijk van kunst en ik totaal niet...,
720,Mark Jij gaat zeker liever wandelen en fietsen...,
721,"Sven Precies, dat heb je goed geraden.",
722,Ik wil in ieder geval naar het Rijksmuseum in Amsterdam.,
723,En daarna weet ik het niet meer.,
724,"Mark Begin inderdaad maar gewoon met het Rijksmuseum, met de schilderijen uit de zeventiende eeuw.",
725,De Nachtwacht van Rembrandt vindt iedere toerist fantastisch.,
726,Daar kunnen jullie wel een paar uur doorbrengen.,
727,Sven Een paar uur?,
728,Dat houd ik echt niet vol!,
729,Dat is onmogelijk!,
730,"Mark Rustig maar, dat hoeft ook niet.",
731,"Dan ga je na een uur lekker naar buiten, wandelen langs de grachten.",
732,Je kunt ook fietsen huren.,
733,"Sven Nee, ik ga liever wandelen, ik wil geen risico's nemen.",
734,Mijn vriend is niet gewend om in zo'n drukke stad te fietsen.,
735,Mark Dat snap ik.,
736,En verder... ik denk dat je vriend het Van Gogh Museum of het Stedelijk Museum ook wel mooi vindt.,
737,Sven Wat hebben ze in het Stedelijk Museum?,
738,Mark Moderne kunst.,
739,"Sven Hm... twee museums op één dag is voor mij te veel, denk ik.",
740,Mark Misschien 's avonds een popconcert ergens?,
741,"Sven Ja, leuk, 's avonds lekker eten en een concert.",
742,Mark Hoelang gaan jullie op stap?,
743,Sven Twee dagen.,
744,Ik denk dat we de eerste dag in Amsterdam overnachten.,
745,"Mark Oké, en dan?",
746,"Sven Ja, en dan...",
747,Mark Dan kun je bijvoorbeeld naar Maastricht.,
748,Maastricht heeft een mooi oud centrum en ook veel leuke restaurants en cafés.,
749,Lekker bier hebben ze daar.,
750,"Of je gaat naar Den Haag, als je vriend nog meer schilderijen wil zien.",
751,Het Mauritshuis in Den Haag is ook erg de moeite waard.,
752,"Sven Dank, je hebt me op goede ideeën gebracht.",
753,"De rest kan ik zelf wel uitzoeken, denk ik.",
754,Ik ga vanavond op internet verder kijken.,
755,Misschien blijven we wel in Amsterdam.,
756,Daar is zoveel te doen.,
757,"De Centrale bibliotheek in Den Haag Bent u weleens in dat mooie witte gebouw aan het Spui geweest, op nummer 68?",
758,En hebt u op internet de enorme collectie van de Centrale Bibliotheek weleens bekeken?,
759,"De collectie Elke bibliotheek heeft boeken, voor volwassenen en kinderen.",
760,Maar wist u dat de Centrale Bibliotheek boeken in verschillende talen heeft?,
761,Voor luisterboeken en e-boeken hoeft u niet eens uit uw stoel te komen.,
762,Die downloadt u thuis.,
763,"Als u toch liever naar het Spui komt, kunt u daar aan een leestafel kranten en tijdschriften lezen.",
764,"U kunt uit Nederlandse en buitenlandse kranten kiezen, op papier of online.",
765,Via een app kunt u thuis rustig verder lezen.,
766,"De keuze is enorm, want de bibliotheek biedt digitale kranten en tijdschriften in zestig verschillende talen aan.",
767,Luistert u liever naar muziek of kijkt u liever naar een film?,
768,"U kunt ook films, muziek en games lenen.",
769,De totale collectie staat op onze website.,
770,"Activiteiten Het hele jaar door organiseert de Centrale Bibliotheek lunchconcerten, cursussen en andere activiteiten.",
771,Het Taalhuis op de tweede verdieping heeft spreekuur voor mensen die hun Nederlands willen verbeteren.,
772,De medewerkers geven taaladviezen.,
773,En op dinsdagmiddag vindt daar het Taalcafé plaats.,
774,In het Taalcafé kunt u samen met anderen Nederlands spreken.,
775,Het kost niets.,
776,Meer informatie over onze activiteiten vindt u op de website.,
777,Studeren en werken Is het thuis niet stil en wilt u rustig werken?,
778,Dan is de Centrale Bibliotheek een goede plek om te studeren.,
779,Op de vijfde verdieping zijn speciale studieplekken die een gratis wifi- verbinding hebben.,
780,"Veel studieplekken hebben een stopcontact, zodat u uw laptop of telefoon kunt opladen.",
781,Bovendien hebt u direct toegang tot de collectie van de bibliotheek.,
782,"Als u geen laptop hebt, kunt u één uur per dag een computer van de bibliotheek gebruiken.",
783,Dat is gratis voor leden; niet-leden betalen een klein bedrag.,
784,Lid worden Het lidmaatschap is gratis tot achttien jaar.,
785,Het goedkoopste lidmaatschap voor volwassenen kost zestien euro per jaar.,
786,Het lezen van (digitale) kranten en tijdschriften is gratis.,
787,Kijk op onze website voor de mogelijkheden.,
788,Consumentenbond Inloggen Word nu lid De zorgverzekering Een verzekering voor iedereen ledereen in Nederland moet een zorgverzekering hebben.,
789,Deze zorgverzekering is verplicht en heet de basisverzekering.,
790,De basisverzekering verzekert u tegen de noodzakelijke medische kosten.,
791,"Bijvoorbeeld van de huisarts, het ziekenhuis of de apotheek.",
792,Voor uw verzekering betaalt u iedere maand een vast bedrag: de premie.,
793,Een extra verzekering Naast de basisverzekering kunt u nog extra verzekeringen kiezen.,
794,Dit zijn aanvullende verzekeringen en ze zijn niet verplicht.,
795,"Een aanvullende verzekering vergoedt extra medische kosten, zoals de tandarts, zorgkosten in het buitenland en fysiotherapie.",
796,"Als u een aanvullende verzekering kiest, betaalt u ook meer premie.",
797,Een overzicht van uw verzekeringen staat in uw polis.,
798,Het eigen risico: wat is dat?,
799,U moet een eerste deel van de zorgkosten zelf betalen.,
800,Dat noemen we het eigen risico.,
801,Elke volwassene in Nederland heeft een verplicht eigen risico voor de zorgverzekering.,
802,Het eigen risico kan per jaar variëren.,
803,De overheid bepaalt elk jaar de hoogte van dit eigen risico.,
804,Bijvoorbeeld: het eigen risico is in een bepaald jaar 385 euro.,
805,Dat betekent dat u de eerste 385 euro van uw zorgkosten zelf moet betalen.,
806,Alle kosten boven die 385 euro betaalt de verzekering.,
807,"Als u in een jaar geen zorgkosten heeft, betaalt u alleen uw premie.",
808,Welke zorg valt onder het eigen risico?,
809,"De huisarts, kraamzorg en zorg voor kinderen vallen niet onder het eigen risico.",
810,Deze kosten hoeft u dus niet zelf te betalen.,
811,"Een opname in het ziekenhuis, medicijnen en bloedonderzoek vallen wel onder het eigen risico.",
812,Dat geldt ook voor het bezoek aan de specialist en hulp bij psychische problemen.,
813,"U betaalt deze kosten voor een deel zelf, totdat uw eigen risico op is.",
814,De rest betaalt de verzekering.,
815,Meer informatie over uw eigen risico vindt u op de website.,
816,Of u kunt in de app van uw zorgverzekering kijken.,
817,Overstappen op een andere verzekering U mag uw zorgverzekering zelf kiezen.,
818,"Als u over uw zorgverzekering niet tevreden bent, kunt u overstappen.",
819,Dat kan aan het einde van het jaar.,
820,U moet dan voor 1 januari van het nieuwe jaar een nieuwe verzekering kiezen.,
821,En u moet uw oude zorgverzekering opzeggen.,
822,"Als u over een nieuwe verzekering twijfelt, kunt u online verschillende verzekeringen vergelijken.",
823,U kiest een zorgverzekering voor minimaal één jaar.,
824,Halverwege het jaar kunt u dus niet op een andere verzekering overstappen.,
825,AFVAL In Nederland verzamelen we per jaar zo'n vijfhonderd kilo afval per persoon.,
826,"Dit is voor de helft restafval, zoals sommige lege verpakkingen en luiers.",
827,De gemeente haalt het restafval op.,
828,Dit gebeurt op vaste dagen en tijden.,
829,"Bewoners moeten hun vuilniszakken, vuilnisbakken of containers dan aan de straat zetten.",
830,"In sommige gemeenten moeten bewoners hun afval zelf in een grote, centrale container weggooien.",
831,Soms krijgen ze dan een speciaal pasje om de container open te maken.,
832,Maar niet al het afval is restafval.,
833,Daarom moeten we niet al ons afval in één vuilnisbak gooien.,
834,Het is beter voor het milieu om afval te scheiden en het in verschillende bakken te gooien.,
835,"Plastic, papier en glas kunnen we dan nog een keer gebruiken.",
836,Bovendien kunnen schadelijke stoffen zo niet in het milieu terechtkomen.,
837,"WAAR MOET HET IN? glas papier en karton klein chemisch afval groente-, fruit-en tuinafval (gft) plastic, metaal en drinkpakken (pmd) grofvuil statiegeld Lege flessen en potten moeten in de glasbak.",
838,"Oude kranten, lege dozen en verpakkingen van karton moeten in de papierbak.",
839,"Lege batterijen, medicijnen en olie mogen niet in het milieu terechtkomen.",
840,U kunt dit chemisch afval op speciale plaatsen in uw gemeente weggooien.,
841,In de supermarkt staan vaak bakken voor lege batterijen.,
842,"Met 'groenafval' bedoelen we etensresten, schillen en afval uit de tuin.",
843,Dat kan in de gft-bak.,
844,"Plastic, metaal en blik moeten in een speciale bak, bijvoorbeeld plastic flessen en bekers.",
845,"Ook lege drinkpakken, chipszakken en blikjes kunt u in de pmd-bak doen.",
846,"Oude meubels, matrassen en grote elektrische apparaten mag u niet zomaar buiten zetten.",
847,"Dit is geen restafval, maar grofvuil.",
848,Wilt u dat de gemeente het grofvuil ophaalt?,
849,Maak dan een afspraak.,
850,Op lege flesjes en kratten bier en grote frisdrankflessen zit vaak statiegeld.,
851,"Als u ze naar de supermarkt terugbrengt, krijgt u een bonnetje.",
852,Met dit bonnetje kunt u het statiegeld terugkrijgen of een deel van uw boodschappen betalen.,
853,Gebruik je netwerk!,
854,Diana interviewt Yazan voor de radio.,
855,Yazan werkt bij een uitzendbureau.,
856,Ze praten over werk zoeken.,
857,"Diana Yazan Yazan, je werkt bij een uitzendbureau.",
858,Dus je praat veel met mensen die werkloos zijn en een uitkering hebben.,
859,Wat adviseer je hen dan?,
860,"Nou, ga in ieder geval naar een uitzendbureau en schrijf je als werkzoekende in.",
861,Uitzendbureaus hebben veel vacatures.,
862,Ze brengen werkgevers en werknemers op deze manier met elkaar in contact.,
863,Diana Yazan Oké.,
864,En verder?,
865,Heb je nog andere tips?,
866,Jazeker!,
867,Gebruik je netwerk!,
868,"Diana Ja, het woord 'netwerk' hoor je tegenwoordig vaak.",
869,Wat is dat precies?,
870,Yazan Je netwerk bestaat uit alle mensen die je kent.,
871,"Denk aan familieleden, vrienden, vrienden van vrienden, docenten, collega's, leidinggevenden en ex-collega's.",
872,"Maar ook mensen die je via internet kent, bijvoorbeeld op Facebook of LinkedIn.",
873,Je netwerk is groter dan je denkt.,
874,Met netwerken kun je je netwerk verder uitbreiden.,
875,Dat is van belang voor mensen die werk zoeken.,
876,Diana Hm...,
877,Netwerken klinkt altijd erg spannend.,
878,Hoe moet ik dat aanpakken?,
879,"Yazan Diana Netwerken klinkt inderdaad spannend, maar het betekent gewoon contact maken.",
880,Met mensen die voor je carrière belangrijk kunnen zijn.,
881,"Als je netwerkt, moet je voor nieuwe mensen open staan.",
882,Praat op borrels of bijeenkomsten dus niet altijd met dezelfde mensen.,
883,Ga ook eens naar onbekende mensen.,
884,Of naar mensen die je lang niet hebt gezien.,
885,"Stel vragen, luister goed en zoek naar interesses die jullie allebei hebben.",
886,Vraag bijvoorbeeld naar hun werkzaamheden en werkervaring.,
887,Dat vind ik zo lastig!,
888,Ik denk altijd: hoe moet ik zo'n gesprek beginnen?,
889,"Yazan Begin met praten over een neutraal onderwerp, zoals de locatie of het eten.",
890,"Je kunt bijvoorbeeld zeggen: ""Mooie locatie is dit, hè!', 'Ben je hier eerder geweest?' of 'Heb je al een stuk taart gehad?' Later kun je serieuzere vragen stellen, zoals: 'Wat voor werk doe je?', 'Hoe heb je je baan gevonden?' en 'Waar heb je vroeger gewerkt?"" Diana Aha, nuttige tips!",
891,Heb je nog een laatste advies voor mensen die graag willen beginnen met netwerken?,
892,"Yazan Uhm ja, besef dat iedereen netwerken spannend vindt.",
893,Verwacht niet meteen resultaat.,
894,"In het begin vind je netwerken misschien lastig, maar het zal snel beter gaan.",
895,En geniet vooral van de leuke contacten die je krijgt!,
896,Een sollicitatiegesprek Murat zoekt een bijbaan.,
897,Hij heeft een sollicitatiegesprek bij een boekwinkel.,
898,Hij praat met mevrouw Driesen.,
899,Mevrouw Driesen Murat Murat?,
900,"Hallo, Sandra Driesen.",
901,"Hallo, Murat Demir, goedemorgen.",
902,"Mevrouw Driesen Fijn dat je er bent, kom binnen.",
903,"Zo, kon je het makkelijk vinden?",
904,"Murat Ja hoor, geen probleem.",
905,Ik ben hier vaker geweest.,
906,Mevrouw Driesen Murat Mooi.,
907,"Nou, fijn dat je als verkoper in onze boekwinkel wilt werken.",
908,We zoeken dus iemand voor één of twee dagen per week.,
909,Heb je ervaring met dit soort werk?,
910,Niet echt.,
911,Ik heb in het verleden wel als winkelmedewerker in een supermarkt gewerkt.,
912,Maar ik heb nooit eerder in een boekwinkel gewerkt.,
913,"Mevrouw Driesen Murat Mevrouw Driesen Murat Oké, wat waren je taken toen?",
914,"Uhm, van alles.",
915,Ik moest het magazijn en de winkel netjes houden.,
916,'s Ochtends maakte ik de winkel open en 's avonds sloot ik hem weer.,
917,Maar ik ging ook met klanten om.,
918,"Ik moest ze helpen, als ze iets niet konden vinden.",
919,"Als het erg druk was, moest ik soms ook achter de kassa werken.",
920,"Aha, dus je moest daar ook met klanten werken.",
921,En kun je iets meer over jezelf vertellen?,
922,Wat zijn je kwaliteiten?,
923,"Tja, ik ben nauwkeurig en ijverig, denk ik.",
924,Ik neem mijn werk erg serieus.,
925,Mevrouw Driesen Murat Fijn.,
926,Dat is erg belangrijk.,
927,En verder?,
928,Waarom ben jij geschikt voor deze baan?,
929,Uhm...,
930,Verder ben ik ook beleefd en behulpzaam.,
931,Mevrouw Driesen Murat Mevrouw Driesen Murat Mevrouw Driesen Murat Mevrouw Driesen Murat Mevrouw Driesen Dat zijn belangrijke kwaliteiten voor een verkoper.,
932,Kun je daar ook een voorbeeld van geven?,
933,"Ja, als klanten bijvoorbeeld een vraag over een product hadden, dan maakte ik graag tijd voor ze.",
934,En waarom denk je dat deze baan bij je past?,
935,"Ja, ik vind lezen geweldig, ik weet heel veel van boeken.",
936,Dus ik kan klanten goed adviseren.,
937,En ik hou van een afwisselende baan.,
938,Ik vind het niks om de hele dag achter een bureau te zitten.,
939,"Ja, deze baan is zeker afwisselend.",
940,"Goed, dan heb ik tot slot nog één vraag: hoeveel uur per week ben je beschikbaar?",
941,Maximaal twaalf uur per week.,
942,"Ik studeer nog, dus ik kan niet te veel werken.",
943,Maar in het weekend ben ik altijd beschikbaar.,
944,"En doordeweeks kan ik ook in de avond, als dat nodig is.",
945,"Oké, dan weet ik voldoende.",
946,Heb je zelf nog vragen?,
947,"Nee, eigenlijk niet.",
948,Wanneer hoor ik iets van u?,
949,Morgen heb ik nog een sollicitatiegesprek met een andere sollicitant.,
950,Daarna overleg ik meteen met de directeur.,
951,We besluiten dan samen wie we aannemen.,
952,Na het overleg zullen we je mailen.,
953,Murat Prima.,
954,Dank u wel voor het gesprek.,
955,vacaturebank inloggen | registreren | help vacatures informatie plaats je cv jouw account Receptionist bij Hotel Arena Ben jij op zoek naar een leuke baan in een hotel?,
956,Zorg jij dat onze gasten met een tevreden gevoel naar huis gaan?,
957,En ben jij bereid om hard te werken?,
958,Dan ben jij misschien wel onze nieuwe receptionist!,
959,Functie-omschrijving: Je bent verantwoordelijk voor alle werkzaamheden bij de receptie.,
960,Je geeft informatie aan de gasten over het hotel en de stad Amsterdam.,
961,Je neemt de telefoon op en beantwoordt e-mails.,
962,Je controleert de kamers voordat je ze aan de gasten geeft.,
963,Functie-eisen: Je bent sociaal en vriendelijk.,
964,Je kan met stress omgaan en je hebt veel motivatie en doorzettingsvermogen.,
965,Je hebt goede vaardigheden op de computer. ⚫ Je hebt minimaal één jaar werkervaring als receptionist in een hotel.,
966,Je spreekt vloeiend Engels en voldoende Nederlands.,
967,"Je bent minimaal 24 uur per week beschikbaar, zowel in het weekend als doordeweeks.",
968,Je moet maximaal twee weekenden per maand werken.,
969,Een fulltime functie is ook mogelijk.,
970,Je woont in Amsterdam of in de omgeving van Amsterdam.,
971,Wat bieden we: Hotel Arena is goed bereikbaar.,
972,Het ligt aan de snelweg en vlakbij een station.,
973,Je gaat werken met gezellige collega's.,
974,"We hebben medewerkers van zeventien jaar tot en met 67 jaar, van jonge studenten tot zeer ervaren medewerkers. ⚫ Je krijgt een salaris van €10,09 bruto per uur.",
975,Je hebt flexibele werktijden en je bepaalt je werkdagen in overleg met je collega's.,
976,Speciale aanbiedingen voor jou en je familie in onze hotels.,
977,Ben jij geschikt voor deze baan?,
978,Solliciteer dan direct op deze vacature!,
979,Stuur je sollicitatiebrief en cv naar work@hotelarena.nl.,
980,Voor meer informatie kun je contact opnemen met de afdeling personeelszaken via het formulier op onze website of via 020-8510 2407.,
981,Sollicitatieformulier,
982,Het klimaat in Nederland Weer en klimaat Het weer in Nederland kan iedere dag anders zijn.,
983,Vandaag kan het bijvoorbeeld regenen en morgen kan het heel mooi weer zijn.,
984,Maar wat weten we eigenlijk over het klimaat in Nederland?,
985,Hoe zien de seizoenen eruit?,
986,Niet zo nat Het Nederlandse klimaat heeft milde winters en milde zomers.,
987,"In alle seizoenen kan in Nederland neerslag vallen, zoals regen, hagel of sneeuw.",
988,"Veel mensen hebben het gevoel dat Nederland een erg nat klimaat heeft, maar dit is een misverstand.",
989,In Nederland valt maar in zeven procent van het jaar neerslag.,
990,Regen in de zomer De Nederlandse zomers zijn vaak wisselvallig.,
991,"Op sommige dagen is het bloed heet, de zon schijnt en de lucht is blauw.",
992,Maar er zijn ook vaak periodes met regen en onweer.,
993,"Als je op vakantie in Nederland gaat, moet je altijd rekening met slecht weer houden.",
994,Ook in de zomer.,
995,"Je hebt de meeste kans op mooi weer aan de kust, zoals in Zeeland en op de Waddeneilanden.",
996,Wil je altijd mooi weer in de zomer?,
997,Neem dan de auto of het vliegtuig naar het zuiden of het oosten van Europa.,
998,Warmere winters Ook het weer in de winter in Nederland is moeilijk te voorspellen.,
999,"Het kan met Kerstmis bijvoorbeeld tien graden boven nul zijn, maar het kan ook tien graden vriezen.",
1000,De winters zijn de laatste vijftig jaar wel steeds minder koud geworden.,
1001,Vroeger kon je in Nederland bijvoorbeeld bijna iedere winter schaatsen.,
1002,Tegenwoordig is dat een uitzondering.,
1003,Door de hogere temperaturen sneeuwt het in de winter ook minder.,
1004,De sneeuw blijft ook minder lang liggen.,
1005,Het klimaat verandert In Nederland merken we dus ook dat het klimaat verandert.,
1006,De aarde wordt steeds warmer.,
1007,"Daardoor krijgen we minder koude winters en hetere, drogere zomers.",
1008,De hogere temperaturen hebben ook invloed op de neerslag.,
1009,Het regent en stormt vooral in de winter en de lente vaker.,
1010,In de zomer regent en stormt het veel minder.,
1011,Grote gevolgen voor Nederland Klimaatverandering kan grote gevolgen voor Nederland hebben.,
1012,De aarde wordt warmer en daardoor stijgt het water in de Noordzee.,
1013,Het westen van Nederland ligt voor het grootste deel lager dan de Noordzee.,
1014,"Als het water in de Noordzee en in de rivieren stijgt, hebben we meer kans op wateroverlast en overstromingen.",
1015,Verschillende dammen en dijken moeten Nederland ook in de toekomst tegen dit hoge water beschermen.,
1016,00:00 Het gaat zo regenen Barbara en Jaïr zijn collega's.,
1017,Ze komen elkaar in de tram tegen.,
1018,Barbara Goedemorgen.,
1019,"Jaïr Hé, ben je ook met de tram vandaag?",
1020,"Barbara Ja, dit is echt geen weer om te fietsen.",
1021,Wat een regen.,
1022,"Jaïr Nee, heb je vannacht die storm ook gehoord?",
1023,Het waaide zo hard en het onweerde ook.,
1024,Ik vond het een beetje eng.,
1025,"Barbara Ja, vreselijk.",
1026,Ik ben gisteren op de fiets helemaal nat geworden.,
1027,"Ik fietste precies in die bui, toen ik naar huis ging.",
1028,"Wat voor weer wordt het vanmiddag, weet je dat?",
1029,"Jaïr Ja, ze zeggen dat het de hele dag blijft regenen en waaien.",
1030,Ze voorspellen voor vanmiddag ook hagel.,
1031,Barbara Jaïr Barbara Jaïr Echt waar?,
1032,Een beetje regen vind ik niet zo erg.,
1033,Maar ik heb zo'n hekel aan die harde wind.,
1034,De regen waait dan zo in je gezicht.,
1035,Je haar en je kleren worden helemaal nat.,
1036,Dan word ik zo chagrijnig.,
1037,"Ja, je hebt met dit weer niets aan een paraplu en een regenjas, je wordt toch nat.",
1038,Ja en dan zit je de hele dag achter je bureau met een natte spijkerbroek.,
1039,Want je kleren drogen niet zo snel.,
1040,"Klopt, gelukkig kunnen we met het ov.",
1041,En komen we droog op kantoor aan.,
1042,"Barbara Ja, maar ik kan niet wachten tot het écht zomer is. 00:00 Ivan praat met zijn zoon Jarek.",
1043,"Ivan Hé Jarek, zet de tv eens uit.",
1044,Je moet zo naar hockey.,
1045,De wedstrijd begint om twaalf uur.,
1046,"Jarek Pap, ik heb echt geen zin en de wedstrijd gaat vast niet door.",
1047,Het is ijskoud buiten en het gaat zo regenen.,
1048,"Ivan Kom op, natuurlijk gaat het wel door.",
1049,Het is droog en het is prima weer om buiten te sporten.,
1050,Het is 10 graden.,
1051,"Jarek Ja, maar in de app staat dat het zo gaat regenen.",
1052,"Kijk dan naar de grijze wolken buiten, het is helemaal bewolkt.",
1053,"Ivan Ach, het is maar een beetje regen hoor, het sneeuwt niet.",
1054,"Kom op Jarek, je gaat echt niet dood van wat regen.",
1055,Jarek Maar het is echt weer om binnen te blijven.,
1056,"Ik wilde dat het zomer was, lekker 25 graden.",
1057,Dat is pas lekker weer voor een hockeywedstrijd.,
1058,"Ivan Nee joh, met die hitte moet je niet sporten.",
1059,Dat is veel te warm.,
1060,Dit is de ideale temperatuur.,
1061,Trek gewoon een lange broek aan en een paar handschoenen.,
1062,Zet een muts op je hoofd.,
1063,"O, kijk!",
1064,In de app staat dat de zon vanmiddag gaat schijnen.,
1065,Het wordt 15 graden.,
1066,"Niet zo zeuren dus en schiet op, want je komt te laat.",
1067,Jarek Oké...,
1068,"Contact Inloggen Mijn blog Q in f Thema's Over mij In het land waar ik vandaan kom, heb je veel meer natuur dan in Nederland.",
1069,"Er zijn veel bergen, maar ik ben in een stad opgegroeid.",
1070,Het was toen al een vieze stad met veel verkeer en twee miljoen inwoners.,
1071,Ik hield niet van die stad.,
1072,Ik voelde me thuis in de natuur.,
1073,In de stad kon je de bergen zien.,
1074,In de winter zag je de sneeuw op de toppen liggen.,
1075,In de winter gingen we daar skiën.,
1076,Van de stad was het ongeveer een uur rijden naar de bergen.,
1077,Dat deden we vroeger vaak.,
1078,In de zomervakanties ging ik met mijn ouders vaak in de bergen wandelen.,
1079,We liepen dan urenlang omhoog.,
1080,Helemaal boven had je een prachtig uitzicht.,
1081,Onderweg kwamen we langs verschillende meren en rivieren.,
1082,Daar kon je zwemmen.,
1083,En het was toegestaan om in de natuur te kamperen of vuur te maken.,
1084,Nu mis ik die wilde natuur in mijn omgeving.,
1085,Nederland is een mooi en groen land.,
1086,De steden zijn hier gelukkig schoon en niet zo druk.,
1087,"Ik hou van de groene weilanden met koeien, schapen en boerderijen.",
1088,Maar kun je dat wel natuur noemen?,
1089,Eigenlijk hebben mensen bijna alle natuurgebieden in Nederland zelf gemaakt.,
1090,De bossen zijn niet zo oud.,
1091,En de dieren in die gebieden zijn daar meestal niet vanzelf gekomen.,
1092,Om die natuurgebieden staat een hek heen en er zijn zo veel regels.,
1093,Je mag alleen op de paden lopen.,
1094,"Net als in een park, eigenlijk.",
1095,"Soms moet je ook betalen, als je in een natuurgebied wil wandelen of fietsen.",
1096,Belachelijk toch?,
1097,Ik was in de herfst met mijn vriendin in de bossen bij de Veluwe.,
1098,"Ik vond het prachtig, al die verschillende kleuren.",
1099,"Maar het landschap is erg plat, vind ik.",
1100,Later hoorde ik dat dit geen origineel bos is.,
1101,Mensen hebben een groot deel van het bos zo gemaakt.,
1102,Toen was ik wel teleurgesteld.,
1103,"Het mooiste stuk natuur in Nederland vind ik de stranden, vooral in de winter.",
1104,Die lange rijen duinen en de zee.,
1105,"Als het stormt, waait het zand overal naartoe.",
1106,Het is het enige stukje echte natuur in Nederland.,
1107,Gelukkig beschermt de overheid de kust in Nederland goed.,
1108,Het is niet toegestaan om daar zomaar hotels of huizen te bouwen.,
1109,Dit is in mijn geboorteland wel zo.,
1110,Het resultaat is ontzettend lelijk.,
1111,Overal langs de kust staan hoge flats en hotels voor rijke toeristen.,
1112,De natuur is daar verdwenen en komt niet meer terug.,
1113,Je hebt me overtuigd Björn en Mario wonen samen.,
1114,Ze praten over huisdieren.,
1115,"Björn O kijk nou, wat schattig.",
1116,"Hier, vier kleine poesjes.",
1117,Ze zijn vorige maand geboren.,
1118,We kunnen ze gratis ophalen.,
1119,Welke vind jij het leukst?,
1120,"Ik wil deze denk ik, met die blauwe oogjes.",
1121,"Mario Hm, ik weet het niet hoor.",
1122,Willen we echt een kat?,
1123,"Björn Ja, dat hebben we toch afgesproken?",
1124,"In ons nieuwe huis nemen we een huisdier, heb je gezegd.",
1125,"Nou, we zijn vorig jaar verhuisd en we zitten hier nog steeds met z'n tweeën.",
1126,"Mario Ja, dat weet ik.",
1127,Maar ik wil liever geen kat.,
1128,"We kunnen toch ook een hond nemen, of een konijn of vissen?",
1129,"Björn Nee, katten zijn hartstikke lieve dieren.",
1130,Je kunt ze aaien en knuffelen.,
1131,"Ze zijn zacht en schoon, maar je hoeft ze niet de hele dag te verzorgen.",
1132,Je geeft ze twee keer per dag eten en je bent klaar.,
1133,Een hond heeft alleen maar nadelen.,
1134,Je moet hem een paar keer per dag uitlaten.,
1135,We hebben daar helemaal geen tijd voor.,
1136,Bovendien is ons appartement te klein voor een hond.,
1137,Zo'n beest heeft hier toch geen ruimte.,
1138,Dat vind ik zielig.,
1139,"Mario Hm hm, maar honden zijn wel heel sociale dieren.",
1140,Ze zijn blij als je thuiskomt.,
1141,En ze luisteren naar je.,
1142,Je kunt ze trainen en met ze spelen.,
1143,En met een hond maak je contacten in de buurt.,
1144,"Als je je hond uitlaat, maak je veel sneller een praatje met mensen uit de buurt.",
1145,En we kennen hier nog helemaal niemand.,
1146,"Björn Ja, maar een hond blaft ook de hele dag als we niet thuis zijn.",
1147,Die kan niet goed alleen zijn.,
1148,"Nee, een hond past echt niet bij ons.",
1149,"Mario Oké, geen hond.",
1150,Maar een vogel dan?,
1151,Dat is toch ook leuk?,
1152,Of vissen?,
1153,Die ruik je niet en ze maken geen rommel.,
1154,Björn Die zijn toch niet geschikt als huisdier?,
1155,Een vis of een vogel komt toch niet naast je op de bank zitten?,
1156,Dat zijn zulke ongezellige dieren.,
1157,"Nee, ik wil echt een poes.",
1158,"We kunnen toch gewoon een keer gaan kijken bij die kleine poesjes, voordat we iets besluiten?",
1159,"Mario Oké, oké.",
1160,Je hebt me overtuigd.,
1161,Maak maar een afspraak.,
1162,Voor welk doel gebruiken mensen sociale media?,
1163,Sociale media zijn bij de hele Nederlandse bevolking populair.,
1164,"Jongeren, mensen van middelbare leeftijd en ouderen gebruiken sociale media.",
1165,Dat doen ze vooral om contact te maken.,
1166,Zestig procent van de gebruikers heeft dankzij sociale media meer contact met vrienden en familie.,
1167,Daarnaast gebruiken ze sociale media om nieuws te volgen.,
1168,Of ze doen dat om tweedehands spullen en koopjes te zoeken.,
1169,"Een deel van de gebruikers zoekt op sociale media naar evenementen, zoals concerten, festivals of speciale feestdagen.",
1170,Tot slot willen mensen via sociale media volgen wat andere mensen doen.,
1171,Hoeveel tijd besteden gebruikers aan sociale media?,
1172,De meeste gebruikers besteden minder dan een uur per dag aan sociale media.,
1173,Het valt echter op dat jongeren tussen de 18 en 25 jaar veel vaker op sociale media zitten.,
1174,De helft van hen besteedt één tot drie uur per dag aan sociale media.,
1175,Voor een kwart is dit drie tot vijf uur.,
1176,Een kleine groep van tien procent besteedt zelfs zo'n tien uur per dag aan sociale media.,
1177,Ouderen op sociale media Er is ook een toename van het aantal ouderen op sociale media. 65 procent van de ouderen tussen de 65 en 75 jaar zit op sociale media.,
1178,Dat is meer dan een aantal jaar geleden.,
1179,Er zitten meer ouderen op sociale media omdat ze handiger met hun smartphone of computer zijn geworden.,
1180,Ze communiceren via sociale media met hun kleinkinderen en andere familieleden of kennissen.,
1181,Wat plaatsen gebruikers?,
1182,"De meeste gebruikers delen foto's van belangrijke gebeurtenissen, zoals een huwelijk of een diploma-uitreiking.",
1183,"Ze plaatsen slechts een paar keer per jaar een bericht, foto of filmpje op hun profiel.",
1184,Een klein deel van de gebruikers plaatst bijna iedere dag iets.,
1185,Dit zijn vooral jongeren.,
1186,"Zij delen ook foto's van dagelijkse activiteiten, zoals een bezoek aan de sportschool, een restaurant of een feestje.",
1187,Wat zijn de nadelen?,
1188,"Het gebruik van sociale media heeft een aantal risico's, vooral bij jongeren.",
1189,Uit onderzoek blijkt dat steeds meer jongeren aan sociale media verslaafd zijn.,
1190,Via hun smartphone zijn ze eigenlijk constant met sociale media bezig.,
1191,Deze jongeren krijgen stress als ze hun berichten niet kunnen lezen.,
1192,Ze kunnen ook slaapproblemen krijgen.,
1193,En ze halen soms slechtere studieresultaten.,
1194,Kritische gebruikers noemen nog meer nadelen.,
1195,Ze vinden het eigenlijk zonde van hun tijd om sociale media te gebruiken.,
1196,Ook vinden ze de advertenties via sociale media irritant.,
1197,Daarnaast zijn ze bezorgd over hun privacy.,
1198,Ik heb geen tv Abel en Rhana hebben een date.,
1199,Rhana gaat bij Abel eten.,
1200,"Abel Zo, het eten is klaar hoor.",
1201,Ik heb vegetarische pasta gemaakt.,
1202,Ik hoop dat het lekker is.,
1203,"Rhana O, nou dat ziet er lekker uit.",
1204,"Abel Uh ja, ik eet eigenlijk altijd op de bank.",
1205,Vind je dat oké?,
1206,"Rhana Ja, dat is prima.",
1207,Gezellig.,
1208,"Abel Zullen we iets kijken, een serie ofzo?",
1209,"Rhana Ja, leuk.",
1210,Abel Waar hou je van?,
1211,"Rhana Nou, ik kijk meestal naar het journaal.",
1212,"Het is bijna acht uur, dus het begint zo.",
1213,Abel Oké...,
1214,"Ik dacht meer aan iets spannends, met actie.",
1215,Ik volg nu een serie.,
1216,Murder's Mansion is de titel.,
1217,Ken je die?,
1218,Die is echt súpergoed.,
1219,Die moet je absoluut zien.,
1220,Rhana Nee die ken ik niet.,
1221,Waar gaat het over?,
1222,"Abel Ja, het is een thriller over dode mensen die weer gaan leven.",
1223,Met super veel bloed en actie.,
1224,Het is echt heel tof om te kijken.,
1225,"Rhana Oké, maar zullen we misschien iets gezelligs kijken?",
1226,Ik hou niet zo van series met bloed tijdens het eten.,
1227,"Abel Ja, sorry.",
1228,Je hebt gelijk.,
1229,Waarvan hou jij dan?,
1230,Wat kijk jij meestal?,
1231,Rhana Ik kijk eigenlijk niet zo veel tv.,
1232,Ik heb ook geen tv.,
1233,Soms kijk ik online wat programma's terug die ik heb gemist.,
1234,"Meestal kijk ik het journaal, een talkshow, of een documentaire.",
1235,Een quiz vind ik soms ook wel leuk.,
1236,"Maar ik kijk eigenlijk vooral programma's van de NPO, niet van andere zenders.",
1237,"En ik heb ook geen abonnement of zo, om series te kijken.",
1238,"Abel Oké, maar kijk je dan ook nooit een film?",
1239,"Rhana Ja, soms wel in de bioscoop.",
1240,Abel Maar je kijkt geen series?,
1241,"Er zijn echt zó veel goede series, echt allerlei verschillende soorten.",
1242,"Er zijn series over politiek, drama, comedy's, misdaadseries, romantische series, soapseries, echt gebeurde verhalen.",
1243,Van alles.,
1244,Dat doe ik echt het liefst in het weekend: alleen op de bank hangen en series kijken.,
1245,Dan kijk ik vaak vier of vijf afleveringen achter elkaar.,
1246,Dat vind ik ideaal voor zondagmiddag.,
1247,"Rhana Hm, waarom vind je dat zo leuk?",
1248,"Ik bedoel, het lijkt me wel leuk hoor.",
1249,"Maar het is niet echt actief ofzo, of sociaal.",
1250,Ik vind het een beetje zonde van mijn tijd om de hele dag series te kijken.,
1251,"Abel Nee, maar die series zijn gewoon superspannend.",
1252,Ze zijn echt verslavend.,
1253,"En je hoeft even helemaal aan niets te denken, alleen maar te kijken.",
1254,Echt ontspannen vind ik dat.,
1255,Dan heb ik echt even rust.,
1256,Maar wat doe jij dan als je vrij bent?,
1257,"Rhana O, in het weekend ga ik meestal sporten.",
1258,Of ik drink koffie met vriendinnen of ik ga gewoon even de stad in.,
1259,"Abel Ja, ja... dat is ook leuk natuurlijk.",
1260,"Maar goed, zullen we dan het journaal kijken?",
1261,Er is trouwens ook voetbal op tv...,
1262,"Rhana O, sport vind ik wel leuk.",
1263,Ajax-PSV toch vanavond?,
1264,Ik ben benieuwd wie er gaat winnen.,
1265,"Abel Oké, gezellig.",
