id,sentence,score,learning_value,tags
824,Halverwege het jaar kunt u dus niet op een andere verzekering overstappen.,131,Present tense (most frequent); Negation pattern; Modal verb (1); Negation: niet; Formal U register (official contexts),SENTENCE_TYPE.Negative-declarative | TENSE.Presens | MODAL.kunnen | VERBCLUSTER.modal-inf | VERB.Separable-verb | ARTICLE.Het | PRONOUN.2sg-formal-u | NEGATION.niet | MODALITY.Epistemic-kan | CONNECTOR.dus-consecutive | DISCOURSE.Formal-register-u | TOPIC.Health | TOPIC.Finance-admin
222,"Hij heeft me een maand geleden al een keer gevraagd: 'Mag mijn hond bij je logeren?' Ik heb toen gezegd: 'Sorry, ik kan niet, want ik ben dit weekend niet thuis'.",130,Perfect tense (exam essential); Negation pattern; Modal verb (2); Negation: niet; Informal register (daily conversation),SENTENCE_TYPE.Negative-declarative | TENSE.Perfectum | MODAL.kunnen | MODAL.mogen | VERBCLUSTER.modal-inf | NP.Demonstrative | NP.Noun-compound | PRONOUN.1sg | PRONOUN.2sg-informal | PARTICLE.al | NEGATION.niet | MODALITY.Deontic-permission | MODALITY.Epistemic-kan | CONNECTOR.want-causal | DISCOURSE.Informal-register | TOPIC.Daily-life | TOPIC.Travel-leisure
818,"Als u over uw zorgverzekering niet tevreden bent, kunt u overstappen.",127,Present tense (most frequent); Negation pattern; Modal verb (1); Negation: niet; Formal U register (official contexts),SENTENCE_TYPE.Negative-declarative | TENSE.Presens | MODAL.kunnen | VERBCLUSTER.modal-inf | VERB.Separable-verb | PRONOUN.2sg-formal-u | NEGATION.niet | MODALITY.Epistemic-kan | SYNTAX.Subordinate-clause | DISCOURSE.Formal-register-u | TOPIC.Health
236,Of zeg dat je voor een examen moet studeren en dat je geen tijd hebt.,125,Perfect tense (exam essential); Negation pattern; Modal verb (1); Negation: geen; Informal register (daily conversation),SENTENCE_TYPE.Negative-declarative | TENSE.Perfectum | MODAL.moeten | VERBCLUSTER.modal-inf | NP.Demonstrative | PRONOUN.2sg-informal | PRONOUN.Relative-clause | NEGATION.geen | MODALITY.Deontic-obligation | SYNTAX.Subordinate-clause | CONNECTOR.en-additive | DISCOURSE.Informal-register | DISCOURSE.Backchannel-opener | TOPIC.Education
1131,"Ze zijn zacht en schoon, maar je hoeft ze niet de hele dag te verzorgen.",125,Present tense (most frequent); Negation pattern; Modal verb (1); Negation: niet; Informal register (daily conversation),SENTENCE_TYPE.Negative-declarative | TENSE.Presens | MODAL.hoeven-neg | VERBCLUSTER.modal-inf | VERBCLUSTER.te-inf | ARTICLE.De | PRONOUN.2sg-informal | PRONOUN.3sg-masc | PRONOUN.3pl | PARTICLE.maar | NEGATION.niet | NEGATION.hoeven-neg | CONNECTOR.en-additive | CONNECTOR.maar-adversative | DISCOURSE.Informal-register
217,"Je moet het niet doen, als je geen zin hebt.",124,Perfect tense (exam essential); Negation pattern; Modal verb (1); Negation: niet; Negation: geen,SENTENCE_TYPE.Negative-declarative | TENSE.Perfectum | MODAL.moeten | VERBCLUSTER.modal-inf | ARTICLE.Het | PRONOUN.2sg-informal | NEGATION.niet | NEGATION.geen | MODALITY.Deontic-obligation | SYNTAX.Subordinate-clause | CONNECTOR.als-conditional | DISCOURSE.Informal-register
777,Studeren en werken Is het thuis niet stil en wilt u rustig werken?,124,Present tense (most frequent); Question form (conversation); Modal verb (1); Negation: niet; Formal U register (official contexts),SENTENCE_TYPE.Yes-no-question | TENSE.Presens | MODAL.willen | VERBCLUSTER.modal-inf | ARTICLE.Het | NP.Noun-compound | PRONOUN.2sg-formal-u | NEGATION.niet | CONNECTOR.en-additive | DISCOURSE.Formal-register-u | TOPIC.Daily-life
499,"Rafael Ja, ik wil je zo snel mogelijk bezoeken, maar ik moet eerst voor de vliegtickets sparen.",119,Present tense (most frequent); Modal verb (2); Informal register (daily conversation); 1st person singular; 2nd person informal (je),SENTENCE_TYPE.Affirmative-declarative | TENSE.Presens | MODAL.moeten | MODAL.willen | VERBCLUSTER.modal-inf | ARTICLE.De | PRONOUN.1sg | PRONOUN.2sg-informal | PARTICLE.maar | MODALITY.Deontic-obligation | MODALITY.Epistemic-adverbial | CONNECTOR.maar-adversative | CONNECTOR.Temporal-sequence | DISCOURSE.Informal-register | TOPIC.Travel-leisure | TOPIC.Finance-admin
782,"Als u geen laptop hebt, kunt u één uur per dag een computer van de bibliotheek gebruiken.",119,Perfect tense (exam essential); Negation pattern; Modal verb (1); Negation: geen; Formal U register (official contexts),SENTENCE_TYPE.Negative-declarative | TENSE.Perfectum | MODAL.kunnen | VERBCLUSTER.modal-inf | ARTICLE.De | PRONOUN.2sg-formal-u | NEGATION.geen | MODALITY.Epistemic-kan | SYNTAX.Subordinate-clause | DISCOURSE.Formal-register-u
181,Wanneer bent u vrij en wanneer is de school van uw kinderen dicht?,118,Present tense (most frequent); Wh-question (information seeking); Formal U register (official contexts); 2nd person formal (U); Topic: Education,SENTENCE_TYPE.Wh-question | TENSE.Presens | VERB.Separable-verb | ARTICLE.De | PRONOUN.2sg-formal-u | DEGREE.Moderate-intensifier | SYNTAX.Subordinate-clause | CONNECTOR.als-conditional | CONNECTOR.en-additive | DISCOURSE.Formal-register-u | TOPIC.Education | TOPIC.Relationships-family
498,"Hier schijnt de zon elke dag, dus je zal hier geen koude voeten hebben.",117,Perfect tense (exam essential); Future tense; Negation pattern; Modal verb (1); Negation: geen,SENTENCE_TYPE.Negative-declarative | TENSE.Perfectum | TENSE.Futurum-zullen | MODAL.zullen | VERBCLUSTER.modal-inf | ARTICLE.De | PRONOUN.2sg-informal | NEGATION.geen | CONNECTOR.dus-consecutive | DISCOURSE.Informal-register | TOPIC.Nature-environment
56,"En je hoeft even helemaal aan niets te denken, alleen maar te kijken.",109,Present tense (most frequent); Negation pattern; Modal verb (1); Informal register (daily conversation); 2nd person informal (je),SENTENCE_TYPE.Negative-declarative | TENSE.Presens | MODAL.hoeven-neg | VERBCLUSTER.modal-inf | VERBCLUSTER.te-inf | PRONOUN.2sg-informal | PRONOUN.Indefinite | PARTICLE.maar | PARTICLE.even | NEGATION.niets | CONNECTOR.maar-adversative | DISCOURSE.Informal-register | TOPIC.Media-entertainment
1253,"En je hoeft even helemaal aan niets te denken, alleen maar te kijken.",109,Present tense (most frequent); Negation pattern; Modal verb (1); Informal register (daily conversation); 2nd person informal (je),SENTENCE_TYPE.Negative-declarative | TENSE.Presens | MODAL.hoeven-neg | VERBCLUSTER.modal-inf | VERBCLUSTER.te-inf | PRONOUN.2sg-informal | PRONOUN.Indefinite | PARTICLE.maar | PARTICLE.even | NEGATION.niets | CONNECTOR.maar-adversative | DISCOURSE.Informal-register | TOPIC.Media-entertainment
1095,"Soms moet je ook betalen, als je in een natuurgebied wil wandelen of fietsen.",108,Present tense (most frequent); Modal verb (2); Informal register (daily conversation); 2nd person informal (je); Modal + infinitive cluster,SENTENCE_TYPE.Affirmative-declarative | TENSE.Presens | MODAL.moeten | MODAL.willen | VERBCLUSTER.modal-inf | PRONOUN.2sg-informal | MODALITY.Deontic-obligation | SYNTAX.Subordinate-clause | CONNECTOR.als-conditional | CONNECTOR.of-alternative | DISCOURSE.Informal-register | TOPIC.Travel-leisure | TOPIC.Finance-admin
365,"Monteur Splash monteurs goedemiddag, wat kan ik voor u doen?",106,Present tense (most frequent); Wh-question (information seeking); Modal verb (1); Formal U register (official contexts); 1st person singular,SENTENCE_TYPE.Wh-question | TENSE.Presens | MODAL.kunnen | VERBCLUSTER.modal-inf | NP.Noun-compound | PRONOUN.1sg | PRONOUN.2sg-formal-u | PRONOUN.Relative-clause | MODALITY.Epistemic-kan | DISCOURSE.Formal-register-u
273,"Wat wil je nog meer met de taal bereiken, wat is je doel?",105,Present tense (most frequent); Wh-question (information seeking); Modal verb (1); Informal register (daily conversation); 2nd person informal (je),SENTENCE_TYPE.Wh-question | TENSE.Presens | MODAL.willen | VERBCLUSTER.modal-inf | ARTICLE.De | NP.Adjective-comparative | PRONOUN.2sg-informal | PRONOUN.Relative-clause | PARTICLE.nog | DISCOURSE.Informal-register | DISCOURSE.Indirect-request | TOPIC.Education
621,"Oh, dat hoeft niet, ik heb het thuis al gewassen.",105,Present tense (most frequent); Negation pattern; Modal verb (1); Negation: niet; Conversation opener,SENTENCE_TYPE.Negative-declarative | TENSE.Presens | MODAL.hoeven-neg | VERBCLUSTER.modal-inf | ARTICLE.Het | NP.Demonstrative | NP.Noun-compound | PRONOUN.1sg | PARTICLE.al | NEGATION.niet | NEGATION.hoeven-neg | SYNTAX.Subordinate-clause | DISCOURSE.Backchannel-opener | TOPIC.Daily-life
761,Voor luisterboeken en e-boeken hoeft u niet eens uit uw stoel te komen.,105,Present tense (most frequent); Negation pattern; Modal verb (1); Negation: niet; 2nd person formal (U),SENTENCE_TYPE.Negative-declarative | TENSE.Presens | MODAL.hoeven-neg | VERBCLUSTER.modal-inf | VERBCLUSTER.te-inf | PRONOUN.2sg-formal-u | PARTICLE.eens | NEGATION.niet | NEGATION.hoeven-neg | CONNECTOR.en-additive
289,"Bas Eh, ik ben niet zo gemotiveerd als jij, denk ik.",103,Perfect tense (exam essential); Negation pattern; Negation: niet; Informal register (daily conversation); Conversation opener,SENTENCE_TYPE.Negative-declarative | TENSE.Perfectum | PRONOUN.1sg | PRONOUN.2sg-informal | NEGATION.niet | SYNTAX.Subordinate-clause | CONNECTOR.als-conditional | DISCOURSE.Informal-register | DISCOURSE.Backchannel-opener
763,"Als u toch liever naar het Spui komt, kunt u daar aan een leestafel kranten en tijdschriften lezen.",103,Present tense (most frequent); Modal verb (1); Formal U register (official contexts); 2nd person formal (U); Modal + infinitive cluster,SENTENCE_TYPE.Affirmative-declarative | TENSE.Presens | MODAL.kunnen | VERBCLUSTER.modal-inf | ARTICLE.Het | NP.Adjective-comparative | PRONOUN.2sg-formal-u | PARTICLE.toch | MODALITY.Epistemic-kan | SYNTAX.Subordinate-clause | CONNECTOR.en-additive | DISCOURSE.Formal-register-u
372,Wanneer kunt u langskomen?,102,Present tense (most frequent); Question form (conversation); Modal verb (1); Formal U register (official contexts); 2nd person formal (U),SENTENCE_TYPE.Yes-no-question | TENSE.Presens | MODAL.kunnen | VERBCLUSTER.modal-inf | PRONOUN.2sg-formal-u | MODALITY.Epistemic-kan | SYNTAX.Subordinate-clause | DISCOURSE.Formal-register-u | DISCOURSE.Indirect-request
698,Ik loop hard in het bos of ik fiets met een groepje.' Vind je het ook leuk om naar sport te kijken?,101,Present tense (most frequent); Question form (conversation); Informal register (daily conversation); 1st person singular; 2nd person informal (je),SENTENCE_TYPE.Yes-no-question | TENSE.Presens | VERBCLUSTER.te-inf | ARTICLE.Het | NP.Diminutive | PRONOUN.1sg | PRONOUN.2sg-informal | CONNECTOR.of-alternative | DISCOURSE.Informal-register | TOPIC.Media-entertainment | TOPIC.Daily-life | TOPIC.Health | TOPIC.Nature-environment
287,Bas Wat denk je: kan ik Arabisch leren?,100,Present tense (most frequent); Question form (conversation); Modal verb (1); Informal register (daily conversation); 1st person singular,SENTENCE_TYPE.Yes-no-question | TENSE.Presens | MODAL.kunnen | VERBCLUSTER.modal-inf | PRONOUN.1sg | PRONOUN.2sg-informal | MODALITY.Epistemic-kan | DISCOURSE.Informal-register | TOPIC.Education
810,Deze kosten hoeft u dus niet zelf te betalen.,100,Present tense (most frequent); Negation pattern; Modal verb (1); Negation: niet; 2nd person formal (U),SENTENCE_TYPE.Negative-declarative | TENSE.Presens | MODAL.hoeven-neg | VERBCLUSTER.modal-inf | VERBCLUSTER.te-inf | PRONOUN.2sg-formal-u | NEGATION.niet | NEGATION.hoeven-neg | CONNECTOR.dus-consecutive | TOPIC.Finance-admin
205,"Ik wil dus eigenlijk 'nee' zeggen, maar ik durf het niet.",99,Present tense (most frequent); Negation pattern; Modal verb (1); Negation: niet; 1st person singular,SENTENCE_TYPE.Negative-declarative | TENSE.Presens | MODAL.willen | VERBCLUSTER.modal-inf | ARTICLE.Het | PRONOUN.1sg | PARTICLE.maar | PARTICLE.eigenlijk | NEGATION.niet | CONNECTOR.maar-adversative | CONNECTOR.dus-consecutive
685,Toen kreeg ik meer plezier in hardlopen.' En sinds wanneer ga je naar de sportschool?,99,Past tense (storytelling); Wh-question (information seeking); Informal register (daily conversation); 1st person singular; 2nd person informal (je),SENTENCE_TYPE.Wh-question | TENSE.Imperfectum | ARTICLE.De | NP.Adjective-comparative | NP.Noun-compound | PRONOUN.1sg | PRONOUN.2sg-informal | SYNTAX.Subordinate-clause | CONNECTOR.als-conditional | CONNECTOR.en-additive | DISCOURSE.Informal-register
852,Met dit bonnetje kunt u het statiegeld terugkrijgen of een deel van uw boodschappen betalen.,99,Present tense (most frequent); Modal verb (1); Formal U register (official contexts); 2nd person formal (U); Modal + infinitive cluster,SENTENCE_TYPE.Affirmative-declarative | TENSE.Presens | MODAL.kunnen | VERBCLUSTER.modal-inf | ARTICLE.Het | NP.Diminutive | NP.Demonstrative | PRONOUN.2sg-formal-u | MODALITY.Epistemic-kan | CONNECTOR.of-alternative | DISCOURSE.Formal-register-u | TOPIC.Daily-life | TOPIC.Finance-admin
890,"Je kunt bijvoorbeeld zeggen: ""Mooie locatie is dit, hè!', 'Ben je hier eerder geweest?' of 'Heb je al een stuk taart gehad?' Later kun je serieuzere vragen stellen, zoals: 'Wat voor werk doe je?', 'Hoe heb je je baan gevonden?' en 'Waar heb je vroeger gewerkt?"" Diana Aha, nuttige tips!",99,Perfect tense (exam essential); Modal verb (1); Informal register (daily conversation); 2nd person informal (je); Modal + infinitive cluster,SENTENCE_TYPE.Exclamative | TENSE.Perfectum | MODAL.kunnen | VERBCLUSTER.modal-inf | NP.Demonstrative | PRONOUN.2sg-informal | PARTICLE.al | PARTICLE.hè-tag | MODALITY.Epistemic-kan | CONNECTOR.en-additive | CONNECTOR.of-alternative | DISCOURSE.Informal-register | TOPIC.Work-career | TOPIC.Housing-living
237,Philip Je moet inderdaad zeggen dat je honden niet leuk vindt.,98,Present tense (most frequent); Negation pattern; Modal verb (1); Negation: niet; Informal register (daily conversation),SENTENCE_TYPE.Negative-declarative | TENSE.Presens | MODAL.moeten | VERBCLUSTER.modal-inf | NP.Demonstrative | PRONOUN.2sg-informal | NEGATION.niet | MODALITY.Deontic-obligation | SYNTAX.Subordinate-clause | DISCOURSE.Informal-register
256,Helpt het als je al een andere taal hebt geleerd?,98,Perfect tense (exam essential); Question form (conversation); Informal register (daily conversation); 2nd person informal (je); Topic: Education,SENTENCE_TYPE.Yes-no-question | TENSE.Perfectum | ARTICLE.Het | PRONOUN.2sg-informal | PARTICLE.al | SYNTAX.Subordinate-clause | CONNECTOR.als-conditional | DISCOURSE.Informal-register | TOPIC.Education
793,Een extra verzekering Naast de basisverzekering kunt u nog extra verzekeringen kiezen.,98,Present tense (most frequent); Modal verb (1); Formal U register (official contexts); 2nd person formal (U); Modal + infinitive cluster,SENTENCE_TYPE.Affirmative-declarative | TENSE.Presens | MODAL.kunnen | VERBCLUSTER.modal-inf | ARTICLE.De | PRONOUN.2sg-formal-u | PARTICLE.nog | MODALITY.Epistemic-kan | DISCOURSE.Formal-register-u | TOPIC.Health | TOPIC.Finance-admin
410,"Moeder Nou, kun je dat zelf niet even doen?",97,Present tense (most frequent); Question form (conversation); Negation: niet; Informal register (daily conversation); Conversation opener,SENTENCE_TYPE.Yes-no-question | TENSE.Presens | PRONOUN.2sg-informal | PRONOUN.Relative-clause | PARTICLE.even | PARTICLE.nou | NEGATION.niet | SYNTAX.Subordinate-clause | DISCOURSE.Informal-register | DISCOURSE.Indirect-request | DISCOURSE.Backchannel-opener
860,"Nou, ga in ieder geval naar een uitzendbureau en schrijf je als werkzoekende in.",97,Future tense; Informal register (daily conversation); 2nd person informal (je); Gaan-future; Topic: Work-career,SENTENCE_TYPE.Affirmative-declarative | TENSE.Futurum-gaan | VERBCLUSTER.gaan-inf | VERB.Separable-verb | PRONOUN.2sg-informal | PARTICLE.nou | SYNTAX.Subordinate-clause | CONNECTOR.als-conditional | CONNECTOR.en-additive | DISCOURSE.Informal-register | TOPIC.Work-career
891,Heb je nog een laatste advies voor mensen die graag willen beginnen met netwerken?,97,Present tense (most frequent); Question form (conversation); Modal verb (1); Informal register (daily conversation); 2nd person informal (je),SENTENCE_TYPE.Yes-no-question | TENSE.Presens | MODAL.willen | VERBCLUSTER.modal-inf | PRONOUN.2sg-informal | PRONOUN.Relative-clause | PARTICLE.nog | DISCOURSE.Informal-register | TOPIC.Work-career
470,"Sidra Ja, het is hier bloed heet, maar ik zal niet klagen.",96,Future tense; Negation pattern; Modal verb (1); Negation: niet; Conversation opener,SENTENCE_TYPE.Negative-declarative | TENSE.Futurum-zullen | MODAL.zullen | VERBCLUSTER.modal-inf | ARTICLE.Het | PRONOUN.1sg | PARTICLE.maar | NEGATION.niet | CONNECTOR.maar-adversative | DISCOURSE.Backchannel-opener
680,En ik zat op turnen.' Je was zeker geen meisje voor ballet?,95,Past tense (storytelling); Question form (conversation); Negation: geen; Informal register (daily conversation); 1st person singular,SENTENCE_TYPE.Yes-no-question | TENSE.Imperfectum | TENSE.Plusquamperfectum | VERB.Reflexive | NP.Diminutive | PRONOUN.1sg | PRONOUN.2sg-informal | PARTICLE.zeker | NEGATION.geen | DISCOURSE.Informal-register
822,"Als u over een nieuwe verzekering twijfelt, kunt u online verschillende verzekeringen vergelijken.",95,Present tense (most frequent); Modal verb (1); Formal U register (official contexts); 2nd person formal (U); Modal + infinitive cluster,SENTENCE_TYPE.Affirmative-declarative | TENSE.Presens | MODAL.kunnen | VERBCLUSTER.modal-inf | PRONOUN.2sg-formal-u | MODALITY.Epistemic-kan | SYNTAX.Subordinate-clause | DISCOURSE.Formal-register-u | TOPIC.Media-entertainment | TOPIC.Health | TOPIC.Finance-admin
1066,"Niet zo zeuren dus en schiet op, want je komt te laat.",95,Present tense (most frequent); Negation pattern; Negation: niet; Informal register (daily conversation); 2nd person informal (je),SENTENCE_TYPE.Negative-declarative | TENSE.Presens | PRONOUN.2sg-informal | DEGREE.te-excess | NEGATION.niet | SYNTAX.Inversion-V2 | CONNECTOR.want-causal | CONNECTOR.en-additive | CONNECTOR.dus-consecutive | DISCOURSE.Informal-register
202,"Op vrijdagavond wil ze met haar vriend uitgaan, maar ze heeft geen oppas.",93,Present tense (most frequent); Negation pattern; Modal verb (1); Negation: geen; Modal + infinitive cluster,SENTENCE_TYPE.Negative-declarative | TENSE.Presens | MODAL.willen | VERBCLUSTER.modal-inf | VERB.Separable-verb | NP.Noun-compound | PRONOUN.3sg-fem | PRONOUN.3pl | PARTICLE.maar | NEGATION.geen | CONNECTOR.maar-adversative | TOPIC.Daily-life | TOPIC.Relationships-family
588,"Moeder Ja, natuurlijk, maak je maar geen zorgen.",93,Present tense (most frequent); Negation pattern; Negation: geen; Informal register (daily conversation); Conversation opener,SENTENCE_TYPE.Negative-declarative | TENSE.Presens | PRONOUN.2sg-informal | PARTICLE.maar | PARTICLE.natuurlijk | NEGATION.geen | CONNECTOR.maar-adversative | DISCOURSE.Informal-register | DISCOURSE.Backchannel-opener
667,"Kom, doe je bril maar even af.",93,"Present tense (most frequent); Command/request (rare, high value); Informal register (daily conversation); 2nd person informal (je); Particles (2)",SENTENCE_TYPE.Imperative | SENTENCE_TYPE.Imperative-softened | TENSE.Presens | VERB.Separable-verb | PRONOUN.2sg-informal | PARTICLE.maar | PARTICLE.even | CONNECTOR.maar-adversative | DISCOURSE.Informal-register
750,"Of je gaat naar Den Haag, als je vriend nog meer schilderijen wil zien.",93,Present tense (most frequent); Modal verb (1); Informal register (daily conversation); 2nd person informal (je); Gaan-future,SENTENCE_TYPE.Affirmative-declarative | TENSE.Presens | MODAL.willen | VERBCLUSTER.gaan-inf | NP.Adjective-comparative | PRONOUN.2sg-informal | PARTICLE.nog | SYNTAX.Subordinate-clause | CONNECTOR.als-conditional | DISCOURSE.Informal-register | TOPIC.Travel-leisure | TOPIC.Relationships-family
757,"De Centrale bibliotheek in Den Haag Bent u weleens in dat mooie witte gebouw aan het Spui geweest, op nummer 68?",93,Perfect tense (exam essential); Question form (conversation); Formal U register (official contexts); 2nd person formal (U); Topic: Travel-leisure,SENTENCE_TYPE.Yes-no-question | TENSE.Perfectum | ARTICLE.Het | PRONOUN.2sg-formal-u | SYNTAX.Subordinate-clause | DISCOURSE.Formal-register-u | TOPIC.Travel-leisure
774,In het Taalcafé kunt u samen met anderen Nederlands spreken.,93,Present tense (most frequent); Modal verb (1); Formal U register (official contexts); 2nd person formal (U); Modal + infinitive cluster,SENTENCE_TYPE.Affirmative-declarative | TENSE.Presens | MODAL.kunnen | VERBCLUSTER.modal-inf | ARTICLE.Het | PRONOUN.2sg-formal-u | MODALITY.Epistemic-kan | DISCOURSE.Formal-register-u | TOPIC.Education
816,Of u kunt in de app van uw zorgverzekering kijken.,93,Present tense (most frequent); Modal verb (1); Formal U register (official contexts); 2nd person formal (U); Modal + infinitive cluster,SENTENCE_TYPE.Affirmative-declarative | TENSE.Presens | MODAL.kunnen | VERBCLUSTER.modal-inf | ARTICLE.De | PRONOUN.2sg-formal-u | MODALITY.Epistemic-kan | DISCOURSE.Formal-register-u | TOPIC.Media-entertainment | TOPIC.Health
907,"Nou, fijn dat je als verkoper in onze boekwinkel wilt werken.",93,Present tense (most frequent); Modal verb (1); Informal register (daily conversation); Conversation opener; 2nd person informal (je),SENTENCE_TYPE.Affirmative-declarative | TENSE.Presens | MODAL.willen | NP.Demonstrative | PRONOUN.2sg-informal | PRONOUN.1pl | PARTICLE.nou | SYNTAX.Subordinate-clause | CONNECTOR.als-conditional | DISCOURSE.Informal-register | DISCOURSE.Backchannel-opener | DISCOURSE.Evaluative-stance | TOPIC.Work-career
600,Andere stem Wil je iets drinken?,92,Present tense (most frequent); Question form (conversation); Modal verb (1); Informal register (daily conversation); 2nd person informal (je),SENTENCE_TYPE.Yes-no-question | TENSE.Presens | MODAL.willen | VERBCLUSTER.modal-inf | PRONOUN.2sg-informal | PRONOUN.Indefinite | DISCOURSE.Informal-register | DISCOURSE.Indirect-request | TOPIC.Daily-life
708,"Sven Oh Mark, mag ik je iets vragen?",92,Present tense (most frequent); Question form (conversation); Modal verb (1); Informal register (daily conversation); 1st person singular,SENTENCE_TYPE.Yes-no-question | TENSE.Presens | MODAL.mogen | VERBCLUSTER.modal-inf | PRONOUN.1sg | PRONOUN.2sg-informal | PRONOUN.Indefinite | MODALITY.Deontic-permission | DISCOURSE.Informal-register | DISCOURSE.Indirect-request
764,"U kunt uit Nederlandse en buitenlandse kranten kiezen, op papier of online.",92,Present tense (most frequent); Modal verb (1); Formal U register (official contexts); 2nd person formal (U); Modal + infinitive cluster,SENTENCE_TYPE.Affirmative-declarative | TENSE.Presens | MODAL.kunnen | VERBCLUSTER.modal-inf | PRONOUN.2sg-formal-u | MODALITY.Epistemic-kan | CONNECTOR.en-additive | CONNECTOR.of-alternative | DISCOURSE.Formal-register-u | TOPIC.Media-entertainment | TOPIC.Nature-environment
322,"Wilco Hé Pieter, wanneer heb jij die pizza in de oven gedaan?",91,Present tense (most frequent); Wh-question (information seeking); Informal register (daily conversation); 2nd person informal (je); Topic: Daily-life,SENTENCE_TYPE.Wh-question | TENSE.Presens | ARTICLE.De | PRONOUN.2sg-informal | SYNTAX.Subordinate-clause | CONNECTOR.als-conditional | DISCOURSE.Informal-register | TOPIC.Daily-life | TOPIC.Housing-living
626,"Nou, ik vind het wel mooi als het kort bij je oren is.",91,Present tense (most frequent); Informal register (daily conversation); Conversation opener; 1st person singular; 2nd person informal (je),SENTENCE_TYPE.Affirmative-declarative | TENSE.Presens | ARTICLE.Het | PRONOUN.1sg | PRONOUN.2sg-informal | PARTICLE.nou | PARTICLE.wel | SYNTAX.Subordinate-clause | CONNECTOR.als-conditional | DISCOURSE.Informal-register | DISCOURSE.Backchannel-opener | DISCOURSE.Epistemic-stance
845,"Ook lege drinkpakken, chipszakken en blikjes kunt u in de pmd-bak doen.",91,Present tense (most frequent); Modal verb (1); Formal U register (official contexts); 2nd person formal (U); Modal + infinitive cluster,SENTENCE_TYPE.Affirmative-declarative | TENSE.Presens | MODAL.kunnen | VERBCLUSTER.modal-inf | ARTICLE.De | PRONOUN.2sg-formal-u | MODALITY.Epistemic-kan | CONNECTOR.en-additive | DISCOURSE.Formal-register-u
1058,"Ivan Nee joh, met die hitte moet je niet sporten.",91,Present tense (most frequent); Negation pattern; Modal verb (1); Negation: niet; Informal register (daily conversation),SENTENCE_TYPE.Negative-declarative | TENSE.Presens | MODAL.moeten | VERBCLUSTER.modal-inf | NP.Demonstrative | PRONOUN.2sg-informal | PRONOUN.Relative-clause | NEGATION.niet | MODALITY.Deontic-obligation | DISCOURSE.Informal-register
688,De sportschool is echt fijn om alle spieren goed te trainen.' Wat betekent sporten voor jou?,90,Present tense (most frequent); Wh-question (information seeking); Informal register (daily conversation); 2nd person informal (je); Te-infinitive (purpose/goal),SENTENCE_TYPE.Wh-question | TENSE.Presens | VERBCLUSTER.te-inf | NP.Noun-compound | PRONOUN.2sg-informal | PARTICLE.echt-intensifier | DEGREE.Intensifier | DISCOURSE.Informal-register | DISCOURSE.Evaluative-stance | TOPIC.Health
846,"Oude meubels, matrassen en grote elektrische apparaten mag u niet zomaar buiten zetten.",90,Past tense (storytelling); Negation pattern; Modal verb (1); Negation: niet; 2nd person formal (U),SENTENCE_TYPE.Negative-declarative | TENSE.Imperfectum | MODAL.mogen | VERBCLUSTER.modal-inf | PRONOUN.2sg-formal-u | NEGATION.niet | MODALITY.Deontic-permission | CONNECTOR.en-additive
330,Pieter Misschien moet je even op die grote knop drukken?,89,Present tense (most frequent); Question form (conversation); Modal verb (1); Informal register (daily conversation); 2nd person informal (je),SENTENCE_TYPE.Yes-no-question | TENSE.Presens | MODAL.moeten | VERBCLUSTER.modal-inf | PRONOUN.2sg-informal | PARTICLE.even | MODALITY.Deontic-obligation | DISCOURSE.Informal-register
618,Hoe wil je het hebben?,89,Present tense (most frequent); Question form (conversation); Modal verb (1); Informal register (daily conversation); 2nd person informal (je),SENTENCE_TYPE.Yes-no-question | TENSE.Presens | MODAL.willen | VERBCLUSTER.modal-inf | ARTICLE.Het | PRONOUN.2sg-informal | DISCOURSE.Informal-register | DISCOURSE.Indirect-request
645,"Ivet Nou, maar ik moet wel een goede shampoo gebruiken, het is erg droog.",89,Perfect tense (exam essential); Modal verb (1); Conversation opener; 1st person singular; Modal + infinitive cluster,SENTENCE_TYPE.Affirmative-declarative | TENSE.Perfectum | MODAL.moeten | VERBCLUSTER.modal-inf | ARTICLE.Het | PRONOUN.1sg | PARTICLE.maar | PARTICLE.nou | PARTICLE.wel | DEGREE.Intensifier | MODALITY.Deontic-obligation | CONNECTOR.maar-adversative | DISCOURSE.Backchannel-opener
250,"Omar Tja, je wilt natuurlijk 'ja' of 'nee' horen.",88,Present tense (most frequent); Modal verb (1); Informal register (daily conversation); Conversation opener; 2nd person informal (je),SENTENCE_TYPE.Affirmative-declarative | TENSE.Presens | MODAL.willen | VERBCLUSTER.modal-inf | PRONOUN.2sg-informal | PARTICLE.natuurlijk | CONNECTOR.of-alternative | DISCOURSE.Informal-register | DISCOURSE.Backchannel-opener
581,"Jeroen wil graag een maand door Azië reizen, maar dat lijkt me niets.",88,Present tense (most frequent); Negation pattern; Modal verb (1); 1st person singular; Modal + infinitive cluster,SENTENCE_TYPE.Negative-declarative | TENSE.Presens | MODAL.willen | VERBCLUSTER.modal-inf | NP.Demonstrative | PRONOUN.1sg | PRONOUN.Indefinite | PARTICLE.maar | NEGATION.niets | SYNTAX.Subordinate-clause | CONNECTOR.maar-adversative | TOPIC.Travel-leisure
733,"Sven Nee, ik ga liever wandelen, ik wil geen risico's nemen.",88,Future tense; Negation pattern; Modal verb (1); Negation: geen; 1st person singular,SENTENCE_TYPE.Negative-declarative | TENSE.Futurum-gaan | MODAL.willen | VERBCLUSTER.modal-inf | VERBCLUSTER.gaan-inf | NP.Adjective-comparative | PRONOUN.1sg | NEGATION.geen | TOPIC.Travel-leisure
765,Via een app kunt u thuis rustig verder lezen.,88,Present tense (most frequent); Modal verb (1); Formal U register (official contexts); 2nd person formal (U); Modal + infinitive cluster,SENTENCE_TYPE.Affirmative-declarative | TENSE.Presens | MODAL.kunnen | VERBCLUSTER.modal-inf | NP.Noun-compound | PRONOUN.2sg-formal-u | MODALITY.Epistemic-kan | DISCOURSE.Formal-register-u | TOPIC.Media-entertainment | TOPIC.Daily-life
1042,"Barbara Ja, maar ik kan niet wachten tot het écht zomer is. 00:00 Ivan praat met zijn zoon Jarek.",88,Present tense (most frequent); Negation pattern; Modal verb (1); Negation: niet; 1st person singular,SENTENCE_TYPE.Negative-declarative | TENSE.Presens | MODAL.kunnen | VERBCLUSTER.modal-inf | ARTICLE.Het | PRONOUN.1sg | PRONOUN.3sg-masc | PARTICLE.maar | NEGATION.niet | MODALITY.Epistemic-kan | CONNECTOR.maar-adversative | TOPIC.Nature-environment
279,En Nederlanders begrijpen je echt niet als je een klank verkeerd uitspreekt.,87,Present tense (most frequent); Negation pattern; Negation: niet; Informal register (daily conversation); 2nd person informal (je),SENTENCE_TYPE.Negative-declarative | TENSE.Presens | PRONOUN.2sg-informal | PARTICLE.echt-intensifier | DEGREE.Intensifier | NEGATION.niet | SYNTAX.Subordinate-clause | CONNECTOR.als-conditional | DISCOURSE.Informal-register
502,En ik zal een cadeautje uit Nederland voor je meenemen.,87,Future tense; Modal verb (1); Informal register (daily conversation); 1st person singular; 2nd person informal (je),SENTENCE_TYPE.Affirmative-declarative | TENSE.Futurum-zullen | MODAL.zullen | VERBCLUSTER.modal-inf | VERB.Separable-verb | NP.Diminutive | NP.Noun-compound | PRONOUN.1sg | PRONOUN.2sg-informal | DISCOURSE.Informal-register
145,"Petra Hm, nou, dat lijkt me wel leuk, maar dat gaat niet.",86,Present tense (most frequent); Negation pattern; Negation: niet; Conversation opener; 1st person singular,SENTENCE_TYPE.Negative-declarative | TENSE.Presens | NP.Demonstrative | PRONOUN.1sg | PRONOUN.Relative-clause | PARTICLE.maar | PARTICLE.nou | PARTICLE.wel | NEGATION.niet | SYNTAX.Subordinate-clause | CONNECTOR.maar-adversative | DISCOURSE.Backchannel-opener
392,Sinds wanneer droog jij je haar?,86,Present tense (most frequent); Wh-question (information seeking); Informal register (daily conversation); 2nd person informal (je); Topic: Daily-life,SENTENCE_TYPE.Wh-question | TENSE.Presens | PRONOUN.2sg-informal | PRONOUN.3sg-fem | SYNTAX.Subordinate-clause | CONNECTOR.als-conditional | DISCOURSE.Informal-register | TOPIC.Daily-life
736,En verder... ik denk dat je vriend het Van Gogh Museum of het Stedelijk Museum ook wel mooi vindt.,86,Present tense (most frequent); Informal register (daily conversation); 1st person singular; 2nd person informal (je); Topic: Travel-leisure,SENTENCE_TYPE.Affirmative-declarative | TENSE.Presens | ARTICLE.Het | NP.Demonstrative | PRONOUN.1sg | PRONOUN.2sg-informal | PARTICLE.wel | MODALITY.Epistemic-stance | SYNTAX.Subordinate-clause | CONNECTOR.of-alternative | DISCOURSE.Informal-register | DISCOURSE.Epistemic-stance | TOPIC.Travel-leisure | TOPIC.Relationships-family
768,"U kunt ook films, muziek en games lenen.",86,Present tense (most frequent); Modal verb (1); Formal U register (official contexts); 2nd person formal (U); Modal + infinitive cluster,SENTENCE_TYPE.Affirmative-declarative | TENSE.Presens | MODAL.kunnen | VERBCLUSTER.modal-inf | PRONOUN.2sg-formal-u | MODALITY.Epistemic-kan | CONNECTOR.en-additive | DISCOURSE.Formal-register-u
1020,"Barbara Ja, dit is echt geen weer om te fietsen.",86,Perfect tense (exam essential); Negation pattern; Negation: geen; Conversation opener; Te-infinitive (purpose/goal),SENTENCE_TYPE.Negative-declarative | TENSE.Perfectum | VERBCLUSTER.te-inf | CONNECTOR.om-te-purpose | NP.Demonstrative | PARTICLE.echt-intensifier | DEGREE.Intensifier | NEGATION.geen | DISCOURSE.Backchannel-opener | TOPIC.Nature-environment | TOPIC.Travel-leisure
1046,"Jarek Pap, ik heb echt geen zin en de wedstrijd gaat vast niet door.",86,Present tense (most frequent); Negation pattern; Negation: niet; Negation: geen; 1st person singular,SENTENCE_TYPE.Negative-declarative | TENSE.Presens | VERB.Separable-verb | ARTICLE.De | PRONOUN.1sg | PARTICLE.echt-intensifier | DEGREE.Intensifier | NEGATION.niet | NEGATION.geen | CONNECTOR.en-additive
344,Heb jij je was in de wasmachine gedaan?,85,Past tense (storytelling); Question form (conversation); Informal register (daily conversation); 2nd person informal (je); Topic: Daily-life,SENTENCE_TYPE.Yes-no-question | TENSE.Imperfectum | TENSE.Plusquamperfectum | VERB.Reflexive | ARTICLE.De | PRONOUN.2sg-informal | DISCOURSE.Informal-register | TOPIC.Daily-life | TOPIC.Housing-living
1153,Die ruik je niet en ze maken geen rommel.,85,Present tense (most frequent); Negation pattern; Negation: niet; Negation: geen; Informal register (daily conversation),SENTENCE_TYPE.Negative-declarative | TENSE.Presens | PRONOUN.2sg-informal | PRONOUN.3sg-fem | PRONOUN.3pl | NEGATION.niet | NEGATION.geen | CONNECTOR.en-additive | DISCOURSE.Informal-register
170,"Julie Goh, heb jij wel een beetje tijd voor jezelf, af en toe?",84,Present tense (most frequent); Question form (conversation); Informal register (daily conversation); Conversation opener; 2nd person informal (je),SENTENCE_TYPE.Yes-no-question | TENSE.Presens | VERB.Reflexive | NP.Diminutive | PRONOUN.2sg-informal | DEGREE.Downtoner | CONNECTOR.en-additive | INFSTR.Contrastive-focus | DISCOURSE.Informal-register | DISCOURSE.Backchannel-opener
700,Mijn vriend en ik zijn ook Ajaxsupporters.' Sport je vriend ook zoveel?,84,Present tense (most frequent); Question form (conversation); Informal register (daily conversation); 1st person singular; 2nd person informal (je),SENTENCE_TYPE.Yes-no-question | TENSE.Presens | PRONOUN.1sg | PRONOUN.2sg-informal | PRONOUN.3sg-masc | CONNECTOR.en-additive | DISCOURSE.Informal-register | TOPIC.Health | TOPIC.Relationships-family
993,"Als je op vakantie in Nederland gaat, moet je altijd rekening met slecht weer houden.",84,Present tense (most frequent); Modal verb (1); Informal register (daily conversation); 2nd person informal (je); Modal + infinitive cluster,SENTENCE_TYPE.Affirmative-declarative | TENSE.Presens | MODAL.moeten | VERBCLUSTER.modal-inf | NP.Noun-compound | PRONOUN.2sg-informal | MODALITY.Deontic-obligation | SYNTAX.Subordinate-clause | DISCOURSE.Informal-register | TOPIC.Nature-environment | TOPIC.Travel-leisure | TOPIC.Finance-admin
422,Je hoeft ze niet in de kast te zetten.,83,Past tense (storytelling); Negation pattern; Modal verb (1); Negation: niet; Modal + infinitive cluster,SENTENCE_TYPE.Negative-declarative | TENSE.Imperfectum | MODAL.hoeven-neg | VERBCLUSTER.modal-inf | VERBCLUSTER.te-inf | ARTICLE.De | PRONOUN.3sg-fem | PRONOUN.3pl | NEGATION.niet | NEGATION.hoeven-neg
894,"In het begin vind je netwerken misschien lastig, maar het zal snel beter gaan.",83,Future tense; Modal verb (1); Informal register (daily conversation); 2nd person informal (je); Topic: Work-career,SENTENCE_TYPE.Affirmative-declarative | TENSE.Futurum-zullen | MODAL.zullen | ARTICLE.Het | NP.Adjective-comparative | PRONOUN.2sg-informal | PARTICLE.maar | MODALITY.Epistemic-adverbial | CONNECTOR.maar-adversative | DISCOURSE.Informal-register | TOPIC.Work-career
942,"Ik studeer nog, dus ik kan niet te veel werken.",83,Present tense (most frequent); Negation pattern; Modal verb (1); Negation: niet; 1st person singular,SENTENCE_TYPE.Negative-declarative | TENSE.Presens | MODAL.kunnen | VERBCLUSTER.modal-inf | PRONOUN.1sg | PARTICLE.nog | DEGREE.te-excess | NEGATION.niet | MODALITY.Epistemic-kan | CONNECTOR.dus-consecutive
948,Wanneer hoor ik iets van u?,83,Present tense (most frequent); Question form (conversation); Formal U register (official contexts); 1st person singular; 2nd person formal (U),SENTENCE_TYPE.Yes-no-question | TENSE.Presens | PRONOUN.1sg | PRONOUN.2sg-formal-u | PRONOUN.Indefinite | SYNTAX.Subordinate-clause | DISCOURSE.Formal-register-u
1054,"Kom op Jarek, je gaat echt niet dood van wat regen.",82,Future tense; Negation pattern; Negation: niet; Informal register (daily conversation); 2nd person informal (je),SENTENCE_TYPE.Negative-declarative | TENSE.Futurum-gaan | VERBCLUSTER.gaan-inf | PRONOUN.2sg-informal | PARTICLE.echt-intensifier | DEGREE.Intensifier | NEGATION.niet | INFSTR.Topicalization-fronting | DISCOURSE.Informal-register | TOPIC.Nature-environment
41,"Abel Oké, maar kijk je dan ook nooit een film?",81,Present tense (most frequent); Question form (conversation); Informal register (daily conversation); Conversation opener; 2nd person informal (je),SENTENCE_TYPE.Yes-no-question | TENSE.Presens | PRONOUN.2sg-informal | PARTICLE.maar | NEGATION.nooit | CONNECTOR.maar-adversative | DISCOURSE.Informal-register | DISCOURSE.Backchannel-opener | TOPIC.Media-entertainment
693,Op kantoor zit ik de hele dag achter een computer en dat is echt niet goed voor mijn humeur.,81,Present tense (most frequent); Negation pattern; Negation: niet; 1st person singular; Topic: Work-career,SENTENCE_TYPE.Negative-declarative | TENSE.Presens | ARTICLE.De | NP.Demonstrative | PRONOUN.1sg | PRONOUN.Relative-clause | PARTICLE.echt-intensifier | DEGREE.Intensifier | NEGATION.niet | SYNTAX.Subordinate-clause | CONNECTOR.en-additive | TOPIC.Work-career
374,Morgen kan onze monteur bij u langskomen.,80,Present tense (most frequent); Modal verb (1); Formal U register (official contexts); 2nd person formal (U); Modal + infinitive cluster,SENTENCE_TYPE.Affirmative-declarative | TENSE.Presens | MODAL.kunnen | VERBCLUSTER.modal-inf | PRONOUN.2sg-formal-u | PRONOUN.1pl | MODALITY.Epistemic-kan | DISCOURSE.Formal-register-u | TOPIC.Housing-living
589,"Mirjam Oei, ik bedenk ineens dat ik de kapper nog niet heb gebeld!",80,Perfect tense (exam essential); Negation pattern; Negation: niet; 1st person singular; Topic: Daily-life,SENTENCE_TYPE.Negative-declarative | TENSE.Perfectum | ARTICLE.De | NP.Demonstrative | PRONOUN.1sg | PARTICLE.nog | NEGATION.niet | SYNTAX.Subordinate-clause | TOPIC.Daily-life
677,Was je als kind al zo sportief?,80,Present tense (most frequent); Question form (conversation); Informal register (daily conversation); 2nd person informal (je); Particles (1),SENTENCE_TYPE.Yes-no-question | TENSE.Presens | PRONOUN.2sg-informal | PARTICLE.al | SYNTAX.Subordinate-clause | CONNECTOR.als-conditional | DISCOURSE.Informal-register | TOPIC.Relationships-family
705,"Hij heeft niet zoveel discipline als ik, maar hij is wel veel relaxter!'",79,Present tense (most frequent); Negation pattern; Negation: niet; 1st person singular; Particles (2),SENTENCE_TYPE.Negative-declarative | TENSE.Presens | PRONOUN.1sg | PRONOUN.3sg-masc | PARTICLE.maar | PARTICLE.wel | NEGATION.niet | SYNTAX.Subordinate-clause | CONNECTOR.als-conditional | CONNECTOR.maar-adversative
940,"Goed, dan heb ik tot slot nog één vraag: hoeveel uur per week ben je beschikbaar?",79,Present tense (most frequent); Wh-question (information seeking); Informal register (daily conversation); 1st person singular; 2nd person informal (je),SENTENCE_TYPE.Wh-question | TENSE.Presens | PRONOUN.1sg | PRONOUN.2sg-informal | PARTICLE.nog | CONNECTOR.Addition-adverbial | DISCOURSE.Informal-register
231,"Zeg gewoon 'nee' tegen je vriend, maar leg je reactie wel uit.",78,Present tense (most frequent); Informal register (daily conversation); 2nd person informal (je); Particles (3); Connectors (1),SENTENCE_TYPE.Affirmative-declarative | TENSE.Presens | VERB.Separable-verb | PRONOUN.2sg-informal | PARTICLE.maar | PARTICLE.gewoon | PARTICLE.wel | CONNECTOR.maar-adversative | DISCOURSE.Informal-register | TOPIC.Relationships-family
577,"Jeroen kent een fotograaf die mooie foto's kan maken, maar ik moet hem nog bellen.",78,Present tense (most frequent); Modal verb (2); 1st person singular; Modal + infinitive cluster; Particles (2),SENTENCE_TYPE.Affirmative-declarative | TENSE.Presens | MODAL.kunnen | MODAL.moeten | VERBCLUSTER.modal-inf | NP.Demonstrative | PRONOUN.1sg | PRONOUN.3sg-masc | PRONOUN.Relative-clause | PARTICLE.maar | PARTICLE.nog | MODALITY.Deontic-obligation | MODALITY.Epistemic-kan | CONNECTOR.maar-adversative
419,Moeder Wil jij die vuile borden op het aanrecht even afwassen?,77,Present tense (most frequent); Question form (conversation); Informal register (daily conversation); 2nd person informal (je); Particles (1),SENTENCE_TYPE.Yes-no-question | TENSE.Presens | VERB.Separable-verb | ARTICLE.Het | PRONOUN.2sg-informal | PARTICLE.even | DISCOURSE.Informal-register
643,"Kapper Met die mooie, dikke krullen van jou kan ik alles doen.",77,Present tense (most frequent); Modal verb (1); Informal register (daily conversation); 1st person singular; 2nd person informal (je),SENTENCE_TYPE.Affirmative-declarative | TENSE.Presens | MODAL.kunnen | VERBCLUSTER.modal-inf | NP.Demonstrative | PRONOUN.1sg | PRONOUN.2sg-informal | PRONOUN.Indefinite | PRONOUN.Relative-clause | MODALITY.Epistemic-kan | DISCOURSE.Informal-register
232,Vertel hem dat je niet van honden houdt.,76,Present tense (most frequent); Negation pattern; Negation: niet; Informal register (daily conversation); 2nd person informal (je),SENTENCE_TYPE.Negative-declarative | TENSE.Presens | NP.Demonstrative | PRONOUN.2sg-informal | PRONOUN.3sg-masc | NEGATION.niet | SYNTAX.Subordinate-clause | DISCOURSE.Informal-register
288,Omar Hoe graag wil je dat?,76,Present tense (most frequent); Question form (conversation); Modal verb (1); Informal register (daily conversation); 2nd person informal (je),SENTENCE_TYPE.Yes-no-question | TENSE.Presens | MODAL.willen | PRONOUN.2sg-informal | SYNTAX.Subordinate-clause | DISCOURSE.Informal-register | DISCOURSE.Indirect-request
881,"Als je netwerkt, moet je voor nieuwe mensen open staan.",76,Present tense (most frequent); Modal verb (1); Informal register (daily conversation); 2nd person informal (je); Modal + infinitive cluster,SENTENCE_TYPE.Affirmative-declarative | TENSE.Presens | MODAL.moeten | VERBCLUSTER.modal-inf | PRONOUN.2sg-informal | MODALITY.Deontic-obligation | SYNTAX.Subordinate-clause | DISCOURSE.Informal-register
1132,Je geeft ze twee keer per dag eten en je bent klaar.,76,Perfect tense (exam essential); Informal register (daily conversation); 2nd person informal (je); Topic: Daily-life; Connectors (1),SENTENCE_TYPE.Affirmative-declarative | TENSE.Perfectum | VERB.Separable-verb | PRONOUN.2sg-informal | PRONOUN.3sg-fem | PRONOUN.3pl | CONNECTOR.en-additive | DISCOURSE.Informal-register | TOPIC.Daily-life
50,"Rhana Hm, waarom vind je dat zo leuk?",75,Present tense (most frequent); Wh-question (information seeking); Informal register (daily conversation); Conversation opener; 2nd person informal (je),SENTENCE_TYPE.Wh-question | TENSE.Presens | PRONOUN.2sg-informal | SYNTAX.Subordinate-clause | DISCOURSE.Informal-register | DISCOURSE.Backchannel-opener
271,"Het gaat niet echt vanzelf, ik heb voor dat diploma hard gewerkt.",75,Perfect tense (exam essential); Negation pattern; Negation: niet; 1st person singular; Topic: Education,SENTENCE_TYPE.Negative-declarative | TENSE.Perfectum | NP.Demonstrative | PRONOUN.1sg | PARTICLE.echt-intensifier | DEGREE.Intensifier | NEGATION.niet | SYNTAX.Subordinate-clause | TOPIC.Education
839,"Lege batterijen, medicijnen en olie mogen niet in het milieu terechtkomen.",75,Present tense (most frequent); Negation pattern; Modal verb (1); Negation: niet; Modal + infinitive cluster,SENTENCE_TYPE.Negative-declarative | TENSE.Presens | MODAL.mogen | VERBCLUSTER.modal-inf | ARTICLE.Het | NEGATION.niet | MODALITY.Deontic-permission | CONNECTOR.en-additive | TOPIC.Nature-environment
934,En waarom denk je dat deze baan bij je past?,75,Present tense (most frequent); Wh-question (information seeking); Informal register (daily conversation); 2nd person informal (je); Topic: Work-career,SENTENCE_TYPE.Wh-question | TENSE.Presens | PRONOUN.2sg-informal | SYNTAX.Subordinate-clause | DISCOURSE.Informal-register | TOPIC.Work-career
1247,"Rhana Hm, waarom vind je dat zo leuk?",75,Present tense (most frequent); Wh-question (information seeking); Informal register (daily conversation); Conversation opener; 2nd person informal (je),SENTENCE_TYPE.Wh-question | TENSE.Presens | PRONOUN.2sg-informal | SYNTAX.Subordinate-clause | DISCOURSE.Informal-register | DISCOURSE.Backchannel-opener
22,Die moet je absoluut zien.,74,Present tense (most frequent); Modal verb (1); Informal register (daily conversation); 2nd person informal (je); Modal + infinitive cluster,SENTENCE_TYPE.Affirmative-declarative | TENSE.Presens | MODAL.moeten | VERBCLUSTER.modal-inf | PRONOUN.2sg-informal | PARTICLE.absoluut | MODALITY.Deontic-obligation | DISCOURSE.Informal-register
233,Dan vraagt hij je de volgende keer ook niet meer.,74,Present tense (most frequent); Negation pattern; Negation: niet; Informal register (daily conversation); 2nd person informal (je),SENTENCE_TYPE.Negative-declarative | TENSE.Presens | ARTICLE.De | NP.Adjective-comparative | PRONOUN.2sg-informal | PRONOUN.3sg-masc | NEGATION.niet | DISCOURSE.Informal-register
428,"We hebben echt geen afwasmachine nodig, dat is ook niet zo goed voor het milieu.",74,Perfect tense (exam essential); Negation pattern; Negation: niet; Negation: geen; Particles (1),SENTENCE_TYPE.Negative-declarative | TENSE.Perfectum | ARTICLE.Het | NP.Demonstrative | PRONOUN.Relative-clause | PARTICLE.echt-intensifier | DEGREE.Intensifier | NEGATION.niet | NEGATION.geen | SYNTAX.Subordinate-clause | TOPIC.Nature-environment | TOPIC.Housing-living
605,Wanneer ben je hier voor het laatst geweest?,74,Perfect tense (exam essential); Question form (conversation); Informal register (daily conversation); 2nd person informal (je); Articles (1),SENTENCE_TYPE.Yes-no-question | TENSE.Perfectum | ARTICLE.Het | PRONOUN.2sg-informal | SYNTAX.Subordinate-clause | DISCOURSE.Informal-register
952,Na het overleg zullen we je mailen.,74,Future tense; Modal verb (1); Informal register (daily conversation); 2nd person informal (je); Modal + infinitive cluster,SENTENCE_TYPE.Affirmative-declarative | TENSE.Futurum-zullen | MODAL.zullen | VERBCLUSTER.modal-inf | ARTICLE.Het | PRONOUN.2sg-informal | PRONOUN.1pl | DISCOURSE.Informal-register
1219,Die moet je absoluut zien.,74,Present tense (most frequent); Modal verb (1); Informal register (daily conversation); 2nd person informal (je); Modal + infinitive cluster,SENTENCE_TYPE.Affirmative-declarative | TENSE.Presens | MODAL.moeten | VERBCLUSTER.modal-inf | PRONOUN.2sg-informal | PARTICLE.absoluut | MODALITY.Deontic-obligation | DISCOURSE.Informal-register
59,Maar wat doe jij dan als je vrij bent?,73,Present tense (most frequent); Wh-question (information seeking); Informal register (daily conversation); 2nd person informal (je); Connectors (1),SENTENCE_TYPE.Wh-question | TENSE.Presens | PRONOUN.2sg-informal | DEGREE.Moderate-intensifier | SYNTAX.Subordinate-clause | CONNECTOR.als-conditional | DISCOURSE.Informal-register
230,Hij is één van mijn beste vrienden en ik wil geen ruzie met hem.,73,Perfect tense (exam essential); Negation pattern; Modal verb (1); Negation: geen; 1st person singular,SENTENCE_TYPE.Negative-declarative | TENSE.Perfectum | MODAL.willen | NP.Adjective-superlative | PRONOUN.1sg | PRONOUN.3sg-masc | NEGATION.geen | CONNECTOR.en-additive
263,En zo kan ik nog wel even doorgaan.,73,Present tense (most frequent); Modal verb (1); 1st person singular; Modal + infinitive cluster; Particles (3),SENTENCE_TYPE.Affirmative-declarative | TENSE.Presens | MODAL.kunnen | VERBCLUSTER.modal-inf | PRONOUN.1sg | PARTICLE.even | PARTICLE.wel | PARTICLE.nog | MODALITY.Epistemic-kan | SYNTAX.Inversion-V2
596,Sinds wanneer heb je een baard?,73,Present tense (most frequent); Wh-question (information seeking); Informal register (daily conversation); 2nd person informal (je); Connectors (1),SENTENCE_TYPE.Wh-question | TENSE.Presens | PRONOUN.2sg-informal | SYNTAX.Subordinate-clause | CONNECTOR.als-conditional | DISCOURSE.Informal-register
920,"Aha, dus je moest daar ook met klanten werken.",73,Present tense (most frequent); Modal verb (1); Informal register (daily conversation); Conversation opener; 2nd person informal (je),SENTENCE_TYPE.Affirmative-declarative | TENSE.Presens | MODAL.moeten | PRONOUN.2sg-informal | MODALITY.Deontic-obligation | CONNECTOR.dus-consecutive | DISCOURSE.Informal-register | DISCOURSE.Backchannel-opener
965,Je hebt goede vaardigheden op de computer. ⚫ Je hebt minimaal één jaar werkervaring als receptionist in een hotel.,73,Present tense (most frequent); Informal register (daily conversation); 2nd person informal (je); Topic: Work-career; Connectors (1),SENTENCE_TYPE.Affirmative-declarative | TENSE.Presens | ARTICLE.De | PRONOUN.2sg-informal | SYNTAX.Subordinate-clause | CONNECTOR.als-conditional | DISCOURSE.Informal-register | TOPIC.Work-career | TOPIC.Travel-leisure
980,Voor meer informatie kun je contact opnemen met de afdeling personeelszaken via het formulier op onze website of via 020-8510 2407.,73,Present tense (most frequent); Informal register (daily conversation); 2nd person informal (je); Connectors (1); Articles (2),SENTENCE_TYPE.Affirmative-declarative | TENSE.Presens | VERB.Separable-verb | ARTICLE.De | ARTICLE.Het | NP.Adjective-comparative | PRONOUN.2sg-informal | PRONOUN.1pl | CONNECTOR.of-alternative | DISCOURSE.Informal-register
1256,Maar wat doe jij dan als je vrij bent?,73,Present tense (most frequent); Wh-question (information seeking); Informal register (daily conversation); 2nd person informal (je); Connectors (1),SENTENCE_TYPE.Wh-question | TENSE.Presens | PRONOUN.2sg-informal | DEGREE.Moderate-intensifier | SYNTAX.Subordinate-clause | CONNECTOR.als-conditional | DISCOURSE.Informal-register
284,"Het Arabisch heeft bijvoorbeeld maar één lidwoord en niet drie, zoals het Nederlands.",72,Present tense (most frequent); Negation pattern; Negation: niet; Topic: Education; Particles (1),SENTENCE_TYPE.Negative-declarative | TENSE.Presens | ARTICLE.Het | PARTICLE.maar | NEGATION.niet | CONNECTOR.en-additive | CONNECTOR.maar-adversative | TOPIC.Education
553,Is je trouwjurk bijvoorbeeld al klaar?,72,Present tense (most frequent); Question form (conversation); Informal register (daily conversation); 2nd person informal (je); Particles (1),SENTENCE_TYPE.Yes-no-question | TENSE.Presens | VERB.Separable-verb | PRONOUN.2sg-informal | PARTICLE.al | DISCOURSE.Informal-register
728,Dat houd ik echt niet vol!,72,Present tense (most frequent); Negation pattern; Negation: niet; 1st person singular; Particles (1),SENTENCE_TYPE.Negative-declarative | TENSE.Presens | VERB.Separable-verb | PRONOUN.1sg | PARTICLE.echt-intensifier | DEGREE.Intensifier | NEGATION.niet | SYNTAX.Subordinate-clause
903,"Zo, kon je het makkelijk vinden?",72,Past tense (storytelling); Question form (conversation); Informal register (daily conversation); 2nd person informal (je); Articles (1),SENTENCE_TYPE.Yes-no-question | TENSE.Imperfectum | ARTICLE.Het | PRONOUN.2sg-informal | SYNTAX.Inversion-V2 | DISCOURSE.Informal-register
132,"Ik ben zelfstandig, maar ik kan ook goed samenwerken.",71,Present tense (most frequent); Modal verb (1); 1st person singular; Modal + infinitive cluster; Particles (1),SENTENCE_TYPE.Affirmative-declarative | TENSE.Presens | MODAL.kunnen | VERBCLUSTER.modal-inf | VERB.Separable-verb | PRONOUN.1sg | PARTICLE.maar | MODALITY.Epistemic-kan | CONNECTOR.maar-adversative
239,"Je moet niet liegen, dat is niet goed voor jullie vriendschap.",71,Present tense (most frequent); Negation pattern; Modal verb (1); Negation: niet; Modal + infinitive cluster,SENTENCE_TYPE.Negative-declarative | TENSE.Presens | MODAL.moeten | VERBCLUSTER.modal-inf | NP.Demonstrative | PRONOUN.2pl | PRONOUN.Relative-clause | NEGATION.niet | MODALITY.Deontic-obligation | SYNTAX.Subordinate-clause
285,Maar nu klink ik zo negatief en dat is niet mijn bedoeling.,71,Present tense (most frequent); Negation pattern; Negation: niet; 1st person singular; Connectors (1),SENTENCE_TYPE.Negative-declarative | TENSE.Presens | NP.Demonstrative | PRONOUN.1sg | PRONOUN.Relative-clause | NEGATION.niet | SYNTAX.Subordinate-clause | SYNTAX.Inversion-V2 | CONNECTOR.en-additive | INFSTR.Topicalization-fronting
500,"Sidra Ah, maar je komt wel, hè?",71,Present tense (most frequent); Informal register (daily conversation); Conversation opener; 2nd person informal (je); Particles (2),SENTENCE_TYPE.Tag-question | TENSE.Presens | PRONOUN.2sg-informal | PARTICLE.maar | PARTICLE.hè-tag | CONNECTOR.maar-adversative | DISCOURSE.Informal-register | DISCOURSE.Backchannel-opener
554,"Mirjam Ja, maar het pak voor Jeroen nog niet.",71,Present tense (most frequent); Negation pattern; Negation: niet; Conversation opener; Particles (2),SENTENCE_TYPE.Negative-declarative | TENSE.Presens | ARTICLE.Het | PARTICLE.maar | PARTICLE.nog | NEGATION.niet | CONNECTOR.maar-adversative | DISCOURSE.Backchannel-opener
586,"O ja, mama, waar moeten opa en oma na de bruiloft slapen?",71,Present tense (most frequent); Wh-question (information seeking); Modal verb (1); Modal + infinitive cluster; Connectors (1),SENTENCE_TYPE.Wh-question | TENSE.Presens | MODAL.moeten | VERBCLUSTER.modal-inf | ARTICLE.De | PRONOUN.Relative-clause | MODALITY.Deontic-obligation | CONNECTOR.en-additive | TOPIC.Relationships-family
390,Mag ik je föhn even lenen?,70,Present tense (most frequent); Question form (conversation); Informal register (daily conversation); 1st person singular; 2nd person informal (je),SENTENCE_TYPE.Yes-no-question | TENSE.Presens | PRONOUN.1sg | PRONOUN.2sg-informal | PARTICLE.even | DISCOURSE.Informal-register
488,"Sidra Ah, heb jij nog iets leuks meegemaakt?",70,Present tense (most frequent); Question form (conversation); Informal register (daily conversation); Conversation opener; 2nd person informal (je),SENTENCE_TYPE.Yes-no-question | TENSE.Presens | PRONOUN.2sg-informal | PRONOUN.Indefinite | PARTICLE.nog | DISCOURSE.Informal-register | DISCOURSE.Backchannel-opener
712,Kun je even met me meedenken?,70,Present tense (most frequent); Question form (conversation); Informal register (daily conversation); 1st person singular; 2nd person informal (je),SENTENCE_TYPE.Yes-no-question | TENSE.Presens | PRONOUN.1sg | PRONOUN.2sg-informal | PARTICLE.even | DISCOURSE.Informal-register
913,"Mevrouw Driesen Murat Mevrouw Driesen Murat Oké, wat waren je taken toen?",70,Past tense (storytelling); Wh-question (information seeking); Informal register (daily conversation); 2nd person informal (je); Topic: Work-career,SENTENCE_TYPE.Wh-question | TENSE.Imperfectum | NP.Noun-compound | PRONOUN.2sg-informal | PRONOUN.Relative-clause | DISCOURSE.Informal-register | TOPIC.Work-career
921,En kun je iets meer over jezelf vertellen?,70,Present tense (most frequent); Question form (conversation); Informal register (daily conversation); 2nd person informal (je); Complex sentence (8+ features),SENTENCE_TYPE.Yes-no-question | TENSE.Presens | VERB.Reflexive | NP.Adjective-comparative | PRONOUN.2sg-informal | PRONOUN.Indefinite | DISCOURSE.Informal-register | DISCOURSE.Indirect-request
723,En daarna weet ik het niet meer.,69,Present tense (most frequent); Negation pattern; Negation: niet; 1st person singular; Connectors (1),SENTENCE_TYPE.Negative-declarative | TENSE.Presens | ARTICLE.Het | NP.Adjective-comparative | PRONOUN.1sg | NEGATION.niet | SYNTAX.Inversion-V2 | CONNECTOR.Temporal-sequence | INFSTR.Topicalization-fronting
780,"Veel studieplekken hebben een stopcontact, zodat u uw laptop of telefoon kunt opladen.",69,Present tense (most frequent); Modal verb (1); 2nd person formal (U); Connectors (2); Complex sentence (8+ features),SENTENCE_TYPE.Affirmative-declarative | TENSE.Presens | MODAL.kunnen | PRONOUN.2sg-formal-u | MODALITY.Epistemic-kan | SYNTAX.Subordinate-clause | CONNECTOR.of-alternative | CONNECTOR.zodat-result
918,"Ik moest ze helpen, als ze iets niet konden vinden.",69,Past tense (storytelling); Negation pattern; Modal verb (1); Negation: niet; Connectors (1),SENTENCE_TYPE.Negative-declarative | TENSE.Imperfectum | MODAL.moeten | PRONOUN.3sg-fem | PRONOUN.3pl | PRONOUN.Indefinite | NEGATION.niet | MODALITY.Deontic-obligation | SYNTAX.Subordinate-clause | CONNECTOR.als-conditional
1121,"Mario Hm, ik weet het niet hoor.",68,Present tense (most frequent); Negation pattern; Negation: niet; Conversation opener; 1st person singular,SENTENCE_TYPE.Negative-declarative | TENSE.Presens | ARTICLE.Het | PRONOUN.1sg | PARTICLE.hoor | NEGATION.niet | MODALITY.Epistemic-stance | DISCOURSE.Backchannel-opener | DISCOURSE.Epistemic-stance
219,Doen zij wel eens iets voor jou?,67,Present tense (most frequent); Question form (conversation); Informal register (daily conversation); 2nd person informal (je); Particles (1),SENTENCE_TYPE.Yes-no-question | TENSE.Presens | PRONOUN.2sg-informal | PRONOUN.3sg-fem | PRONOUN.Indefinite | PARTICLE.eens | INFSTR.Contrastive-focus | DISCOURSE.Informal-register
412,"Stefan Ja maar mam, ik heb haast en ik moet mijn tanden nog poetsen.",67,Present tense (most frequent); Modal verb (1); 1st person singular; Modal + infinitive cluster; Particles (1),SENTENCE_TYPE.Affirmative-declarative | TENSE.Presens | MODAL.moeten | VERBCLUSTER.modal-inf | PRONOUN.1sg | PARTICLE.nog | MODALITY.Deontic-obligation | CONNECTOR.en-additive | CONNECTOR.maar-adversative
591,En heb je eigenlijk al een bruidsboeket uitgezocht?,67,Present tense (most frequent); Question form (conversation); Informal register (daily conversation); 2nd person informal (je); Particles (2),SENTENCE_TYPE.Yes-no-question | TENSE.Presens | PRONOUN.2sg-informal | PARTICLE.eigenlijk | PARTICLE.al | DISCOURSE.Informal-register
671,Dat laat ik je straks wel zien.,67,Present tense (most frequent); Informal register (daily conversation); 1st person singular; 2nd person informal (je); Particles (1),SENTENCE_TYPE.Affirmative-declarative | TENSE.Presens | VERB.Causative-laten | PRONOUN.1sg | PRONOUN.2sg-informal | PARTICLE.wel | SYNTAX.Subordinate-clause | DISCOURSE.Informal-register
730,"Mark Rustig maar, dat hoeft ook niet.",67,Present tense (most frequent); Negation pattern; Modal verb (1); Negation: niet; Connectors (1),SENTENCE_TYPE.Negative-declarative | TENSE.Presens | MODAL.hoeven-neg | NP.Demonstrative | NEGATION.niet | NEGATION.hoeven-neg | SYNTAX.Subordinate-clause | CONNECTOR.maar-adversative
878,Hoe moet ik dat aanpakken?,67,Present tense (most frequent); Question form (conversation); Modal verb (1); 1st person singular; Modal + infinitive cluster,SENTENCE_TYPE.Yes-no-question | TENSE.Presens | MODAL.moeten | VERBCLUSTER.modal-inf | PRONOUN.1sg | MODALITY.Deontic-obligation | SYNTAX.Subordinate-clause
235,Zeg bijvoorbeeld dat je naar je schoonouders moet.,66,Present tense (most frequent); Modal verb (1); Informal register (daily conversation); 2nd person informal (je); Complex sentence (8+ features),SENTENCE_TYPE.Affirmative-declarative | TENSE.Presens | MODAL.moeten | NP.Demonstrative | PRONOUN.2sg-informal | PRONOUN.Relative-clause | MODALITY.Deontic-obligation | SYNTAX.Subordinate-clause | DISCOURSE.Informal-register
530,"Ik mis hem wel, maar ik ben niet heel verdrietig.",66,Present tense (most frequent); Negation pattern; Negation: niet; 1st person singular; Particles (2),SENTENCE_TYPE.Negative-declarative | TENSE.Presens | PRONOUN.1sg | PRONOUN.3sg-masc | PARTICLE.maar | PARTICLE.wel | DEGREE.Intensifier | NEGATION.niet | CONNECTOR.maar-adversative
640,Wat wil je?,66,Present tense (most frequent); Question form (conversation); Modal verb (1); Informal register (daily conversation); 2nd person informal (je),SENTENCE_TYPE.Yes-no-question | TENSE.Presens | MODAL.willen | PRONOUN.2sg-informal | DISCOURSE.Informal-register | DISCOURSE.Indirect-request
464,"Rafael Ha Sidra, kun je me horen?",65,Present tense (most frequent); Question form (conversation); Informal register (daily conversation); 1st person singular; 2nd person informal (je),SENTENCE_TYPE.Yes-no-question | TENSE.Presens | PRONOUN.1sg | PRONOUN.2sg-informal | DISCOURSE.Informal-register | DISCOURSE.Indirect-request
544,Kun je me je telefoonnummer sturen?,65,Present tense (most frequent); Question form (conversation); Informal register (daily conversation); 1st person singular; 2nd person informal (je),SENTENCE_TYPE.Yes-no-question | TENSE.Presens | NP.Noun-compound | PRONOUN.1sg | PRONOUN.2sg-informal | DISCOURSE.Informal-register
848,Wilt u dat de gemeente het grofvuil ophaalt?,65,Present tense (most frequent); Question form (conversation); 2nd person formal (U); Articles (2); Moderate complexity,SENTENCE_TYPE.Yes-no-question | TENSE.Presens | ARTICLE.De | ARTICLE.Het | PRONOUN.2sg-formal-u | SYNTAX.Subordinate-clause | TOPIC.Housing-living
868,"Diana Ja, het woord 'netwerk' hoor je tegenwoordig vaak.",65,Present tense (most frequent); Informal register (daily conversation); Conversation opener; 2nd person informal (je); Particles (1),SENTENCE_TYPE.Affirmative-declarative | TENSE.Presens | ARTICLE.Het | NP.Noun-compound | PRONOUN.2sg-informal | PARTICLE.hoor | DISCOURSE.Informal-register | DISCOURSE.Backchannel-opener
624,Weet je het zeker?,64,Present tense (most frequent); Question form (conversation); Informal register (daily conversation); 2nd person informal (je); Particles (1),SENTENCE_TYPE.Yes-no-question | TENSE.Presens | ARTICLE.Het | PRONOUN.2sg-informal | PARTICLE.zeker | DISCOURSE.Informal-register
635,Ik laat je straks ook zien hoe je het moet föhnen.,64,Present tense (most frequent); Modal verb (1); Informal register (daily conversation); 2nd person informal (je); Articles (1),SENTENCE_TYPE.Affirmative-declarative | TENSE.Presens | MODAL.moeten | VERB.Causative-laten | ARTICLE.Het | PRONOUN.2sg-informal | MODALITY.Deontic-obligation | DISCOURSE.Informal-register
884,Of naar mensen die je lang niet hebt gezien.,64,Present tense (most frequent); Negation pattern; Negation: niet; Informal register (daily conversation); 2nd person informal (je),SENTENCE_TYPE.Negative-declarative | TENSE.Presens | NP.Demonstrative | PRONOUN.2sg-informal | NEGATION.niet | DISCOURSE.Informal-register
957,En ben jij bereid om hard te werken?,64,Present tense (most frequent); Question form (conversation); Informal register (daily conversation); 2nd person informal (je); Te-infinitive (purpose/goal),SENTENCE_TYPE.Yes-no-question | TENSE.Presens | VERBCLUSTER.te-inf | PRONOUN.2sg-informal | DISCOURSE.Informal-register
163,"Petra Ja, dat gaat dus niet.",63,Present tense (most frequent); Negation pattern; Negation: niet; Conversation opener; Connectors (1),SENTENCE_TYPE.Negative-declarative | TENSE.Presens | NP.Demonstrative | PRONOUN.Relative-clause | NEGATION.niet | SYNTAX.Subordinate-clause | CONNECTOR.dus-consecutive | DISCOURSE.Backchannel-opener
682,"Ik deed judo en later een teamsport, volleybal.' Wat bedoel je met 'later'?",63,Past tense (storytelling); Wh-question (information seeking); Informal register (daily conversation); 2nd person informal (je); Connectors (1),SENTENCE_TYPE.Wh-question | TENSE.Imperfectum | PRONOUN.2sg-informal | CONNECTOR.en-additive | DISCOURSE.Informal-register
829,"Bewoners moeten hun vuilniszakken, vuilnisbakken of containers dan aan de straat zetten.",63,Past tense (storytelling); Modal verb (1); Modal + infinitive cluster; Topic: Daily-life; Connectors (1),SENTENCE_TYPE.Affirmative-declarative | TENSE.Imperfectum | MODAL.moeten | VERBCLUSTER.modal-inf | ARTICLE.De | PRONOUN.3pl | MODALITY.Deontic-obligation | CONNECTOR.of-alternative | TOPIC.Daily-life | TOPIC.Housing-living
888,Ik denk altijd: hoe moet ik zo'n gesprek beginnen?,63,Present tense (most frequent); Wh-question (information seeking); Modal verb (1); 1st person singular; Modal + infinitive cluster,SENTENCE_TYPE.Wh-question | TENSE.Presens | MODAL.moeten | VERBCLUSTER.modal-inf | NP.Noun-compound | PRONOUN.1sg | MODALITY.Deontic-obligation
43,Abel Maar je kijkt geen series?,62,Present tense (most frequent); Question form (conversation); Negation: geen; Informal register (daily conversation); 2nd person informal (je),SENTENCE_TYPE.Yes-no-question | TENSE.Presens | PRONOUN.2sg-informal | NEGATION.geen | DISCOURSE.Informal-register
130,Daarnaast kan ik goed met apparaten werken en ik ben dus erg handig.,62,Present tense (most frequent); Modal verb (1); 1st person singular; Modal + infinitive cluster; Connectors (2),SENTENCE_TYPE.Affirmative-declarative | TENSE.Presens | MODAL.kunnen | VERBCLUSTER.modal-inf | PRONOUN.1sg | DEGREE.Intensifier | MODALITY.Epistemic-kan | CONNECTOR.en-additive | CONNECTOR.dus-consecutive
153,Petra Hans Petra Kun jij Joris vanmiddag naar het hockeyveld brengen?,62,Present tense (most frequent); Question form (conversation); Informal register (daily conversation); 2nd person informal (je); Articles (1),SENTENCE_TYPE.Yes-no-question | TENSE.Presens | ARTICLE.Het | NP.Noun-compound | PRONOUN.2sg-informal | DISCOURSE.Informal-register
223,Ik heb niet uitgelegd dat ik niet van honden hou.,62,Present tense (most frequent); Negation pattern; Negation: niet; 1st person singular; Moderate complexity,SENTENCE_TYPE.Negative-declarative | TENSE.Presens | VERB.Separable-verb | NP.Demonstrative | PRONOUN.1sg | NEGATION.niet | SYNTAX.Subordinate-clause
405,Heb je hem in de droger gedaan?,62,Present tense (most frequent); Question form (conversation); Informal register (daily conversation); 2nd person informal (je); Articles (1),SENTENCE_TYPE.Yes-no-question | TENSE.Presens | ARTICLE.De | PRONOUN.2sg-informal | PRONOUN.3sg-masc | DISCOURSE.Informal-register
513,"Maar hij heeft een baard, jij niet toch?",62,Present tense (most frequent); Negation: niet; Informal register (daily conversation); 2nd person informal (je); Particles (1),SENTENCE_TYPE.Tag-question | TENSE.Presens | PRONOUN.2sg-informal | PRONOUN.3sg-masc | PARTICLE.toch | NEGATION.niet | INFSTR.Contrastive-focus | DISCOURSE.Informal-register
718,Maar ik weet niet zo goed wat we moeten doen.,62,Present tense (most frequent); Negation pattern; Modal verb (1); Negation: niet; 1st person singular,SENTENCE_TYPE.Negative-declarative | TENSE.Presens | MODAL.moeten | PRONOUN.1sg | PRONOUN.1pl | PRONOUN.Relative-clause | NEGATION.niet | MODALITY.Deontic-obligation | MODALITY.Epistemic-stance | DISCOURSE.Epistemic-stance
1119,Welke vind jij het leukst?,62,Present tense (most frequent); Question form (conversation); Informal register (daily conversation); 2nd person informal (je); Articles (1),SENTENCE_TYPE.Yes-no-question | TENSE.Presens | ARTICLE.Het | NP.Adjective-superlative | PRONOUN.2sg-informal | DISCOURSE.Informal-register
1240,Abel Maar je kijkt geen series?,62,Present tense (most frequent); Question form (conversation); Negation: geen; Informal register (daily conversation); 2nd person informal (je),SENTENCE_TYPE.Yes-no-question | TENSE.Presens | PRONOUN.2sg-informal | NEGATION.geen | DISCOURSE.Informal-register
512,Hij heeft net zulke donkere ogen en bruine krullen als jij.,61,Present tense (most frequent); Informal register (daily conversation); 2nd person informal (je); Connectors (2); Moderate complexity,SENTENCE_TYPE.Affirmative-declarative | TENSE.Presens | PRONOUN.2sg-informal | SYNTAX.Subordinate-clause | CONNECTOR.als-conditional | CONNECTOR.en-additive | DISCOURSE.Informal-register
313,Ze mogen trouwens pas een bijbaantje hebben als ze achttien zijn.,60,Present tense (most frequent); Modal verb (1); Modal + infinitive cluster; Particles (1); Connectors (1),SENTENCE_TYPE.Affirmative-declarative | TENSE.Presens | MODAL.mogen | VERBCLUSTER.modal-inf | NP.Diminutive | PRONOUN.3sg-masc | PRONOUN.3pl | PARTICLE.trouwens | MODALITY.Deontic-permission | SYNTAX.Subordinate-clause | CONNECTOR.als-conditional
511,"Ik herkende hem meteen, want hij lijkt nog steeds heel veel op je.",60,Past tense (storytelling); Informal register (daily conversation); 2nd person informal (je); Particles (1); Connectors (1),SENTENCE_TYPE.Affirmative-declarative | TENSE.Imperfectum | PRONOUN.2sg-informal | PRONOUN.3sg-masc | PARTICLE.nog | DEGREE.Intensifier | CONNECTOR.want-causal | DISCOURSE.Informal-register
1230,Wat kijk jij meestal?,60,Present tense (most frequent); Question form (conversation); Informal register (daily conversation); Conversation opener; 2nd person informal (je),SENTENCE_TYPE.Yes-no-question | TENSE.Presens | PRONOUN.2sg-informal | DISCOURSE.Informal-register | DISCOURSE.Backchannel-opener
212,Je moet niet zo egoïstisch doen.,59,Present tense (most frequent); Negation pattern; Modal verb (1); Negation: niet; Modal + infinitive cluster,SENTENCE_TYPE.Negative-declarative | TENSE.Presens | MODAL.moeten | VERBCLUSTER.modal-inf | NEGATION.niet | MODALITY.Deontic-obligation
251,Maar dat hangt van je moedertaal af.,59,Present tense (most frequent); Informal register (daily conversation); 2nd person informal (je); Moderate complexity; Subordinate clause,SENTENCE_TYPE.Affirmative-declarative | TENSE.Presens | VERB.Separable-verb | NP.Demonstrative | PRONOUN.2sg-informal | SYNTAX.Subordinate-clause | DISCOURSE.Informal-register
298,Wat viel je op in de lessen?,59,Past tense (storytelling); Question form (conversation); Informal register (daily conversation); 2nd person informal (je); Articles (1),SENTENCE_TYPE.Yes-no-question | TENSE.Imperfectum | ARTICLE.De | PRONOUN.2sg-informal | DISCOURSE.Informal-register
497,Wanneer kom jij op bezoek in Australië?,59,Present tense (most frequent); Question form (conversation); Informal register (daily conversation); 2nd person informal (je); Subordinate clause,SENTENCE_TYPE.Yes-no-question | TENSE.Presens | PRONOUN.2sg-informal | SYNTAX.Subordinate-clause | DISCOURSE.Informal-register
599,Ik had geen zin meer om me te scheren.,59,Past tense (storytelling); Negation pattern; Negation: geen; 1st person singular; Te-infinitive (purpose/goal),SENTENCE_TYPE.Negative-declarative | TENSE.Imperfectum | TENSE.Plusquamperfectum | VERBCLUSTER.te-inf | NP.Adjective-comparative | PRONOUN.1sg | NEGATION.geen
919,"Als het erg druk was, moest ik soms ook achter de kassa werken.",59,Past tense (storytelling); Modal verb (1); 1st person singular; Articles (2); Complex sentence (8+ features),SENTENCE_TYPE.Affirmative-declarative | TENSE.Imperfectum | MODAL.moeten | ARTICLE.De | ARTICLE.Het | PRONOUN.1sg | DEGREE.Intensifier | MODALITY.Deontic-obligation | SYNTAX.Subordinate-clause
962,Je controleert de kamers voordat je ze aan de gasten geeft.,59,Present tense (most frequent); Informal register (daily conversation); 2nd person informal (je); Articles (1); Complex sentence (8+ features),SENTENCE_TYPE.Affirmative-declarative | TENSE.Presens | ARTICLE.De | PRONOUN.2sg-informal | PRONOUN.3sg-fem | PRONOUN.3pl | SYNTAX.Subordinate-clause | DISCOURSE.Informal-register
1039,Want je kleren drogen niet zo snel.,59,Present tense (most frequent); Negation pattern; Negation: niet; Informal register (daily conversation); 2nd person informal (je),SENTENCE_TYPE.Negative-declarative | TENSE.Presens | PRONOUN.2sg-informal | NEGATION.niet | DISCOURSE.Informal-register
1147,Die kan niet goed alleen zijn.,59,Present tense (most frequent); Negation pattern; Modal verb (1); Negation: niet; Modal + infinitive cluster,SENTENCE_TYPE.Negative-declarative | TENSE.Presens | MODAL.kunnen | VERBCLUSTER.modal-inf | PRONOUN.3sg-masc | NEGATION.niet | MODALITY.Epistemic-kan
272,"Bas Ja, daarom spreek je ook zo goed, denk ik.",58,Present tense (most frequent); Informal register (daily conversation); Conversation opener; 1st person singular; 2nd person informal (je),SENTENCE_TYPE.Affirmative-declarative | TENSE.Presens | PRONOUN.1sg | PRONOUN.2sg-informal | DISCOURSE.Informal-register | DISCOURSE.Backchannel-opener
487,"Rafael Pff, je maakt me jaloers!",58,Present tense (most frequent); Informal register (daily conversation); Conversation opener; 1st person singular; 2nd person informal (je),SENTENCE_TYPE.Affirmative-declarative | TENSE.Presens | PRONOUN.1sg | PRONOUN.2sg-informal | DISCOURSE.Informal-register | DISCOURSE.Backchannel-opener
944,"En doordeweeks kan ik ook in de avond, als dat nodig is.",58,Present tense (most frequent); Modal verb (1); 1st person singular; Connectors (1); Articles (1),SENTENCE_TYPE.Affirmative-declarative | TENSE.Presens | MODAL.kunnen | ARTICLE.De | NP.Demonstrative | PRONOUN.1sg | PRONOUN.Relative-clause | MODALITY.Epistemic-kan | SYNTAX.Subordinate-clause | CONNECTOR.als-conditional
261,Hoe gemotiveerd ben je?,57,Perfect tense (exam essential); Question form (conversation); Informal register (daily conversation); 2nd person informal (je),SENTENCE_TYPE.Yes-no-question | TENSE.Perfectum | PRONOUN.2sg-informal | DISCOURSE.Informal-register
304,"Hun uniform viel natuurlijk ook op, omdat Nederlandse leerlingen geen uniform dragen.",57,Past tense (storytelling); Negation pattern; Negation: geen; Particles (1); Connectors (1),SENTENCE_TYPE.Negative-declarative | TENSE.Imperfectum | PARTICLE.natuurlijk | NEGATION.geen | SYNTAX.Subordinate-clause | CONNECTOR.omdat-causal
516,Hoe gaat het nu met je?,57,Present tense (most frequent); Question form (conversation); Informal register (daily conversation); 2nd person informal (je); Articles (1),SENTENCE_TYPE.Yes-no-question | TENSE.Presens | ARTICLE.Het | PRONOUN.2sg-informal | DISCOURSE.Informal-register
563,Ben je niemand vergeten?,57,Present tense (most frequent); Question form (conversation); Informal register (daily conversation); 2nd person informal (je); Moderate complexity,SENTENCE_TYPE.Yes-no-question | TENSE.Presens | PRONOUN.2sg-informal | PRONOUN.Indefinite | NEGATION.niemand | DISCOURSE.Informal-register
607,Kapper Heb je het druk?,57,Present tense (most frequent); Question form (conversation); Informal register (daily conversation); 2nd person informal (je); Articles (1),SENTENCE_TYPE.Yes-no-question | TENSE.Presens | ARTICLE.Het | PRONOUN.2sg-informal | DISCOURSE.Informal-register
760,Maar wist u dat de Centrale Bibliotheek boeken in verschillende talen heeft?,57,Past tense (storytelling); Question form (conversation); 2nd person formal (U); Articles (1); Subordinate clause,SENTENCE_TYPE.Yes-no-question | TENSE.Imperfectum | ARTICLE.De | PRONOUN.2sg-formal-u | SYNTAX.Subordinate-clause
859,Wat adviseer je hen dan?,57,Present tense (most frequent); Question form (conversation); Informal register (daily conversation); 2nd person informal (je); Moderate complexity,SENTENCE_TYPE.Yes-no-question | TENSE.Presens | NP.Adjective-comparative | PRONOUN.2sg-informal | PRONOUN.3pl | DISCOURSE.Informal-register
865,Heb je nog andere tips?,57,Present tense (most frequent); Question form (conversation); Informal register (daily conversation); 2nd person informal (je); Particles (1),SENTENCE_TYPE.Yes-no-question | TENSE.Presens | PRONOUN.2sg-informal | PARTICLE.nog | DISCOURSE.Informal-register
946,Heb je zelf nog vragen?,57,Present tense (most frequent); Question form (conversation); Informal register (daily conversation); 2nd person informal (je); Particles (1),SENTENCE_TYPE.Yes-no-question | TENSE.Presens | PRONOUN.2sg-informal | PARTICLE.nog | DISCOURSE.Informal-register
8,Vind je dat oké?,56,Present tense (most frequent); Question form (conversation); Informal register (daily conversation); 2nd person informal (je); Subordinate clause,SENTENCE_TYPE.Yes-no-question | TENSE.Presens | PRONOUN.2sg-informal | SYNTAX.Subordinate-clause | DISCOURSE.Informal-register
110,Mensen praten makkelijk over hun gevoel met mij en ik kan goed luisteren.,56,Present tense (most frequent); Modal verb (1); 1st person singular; Modal + infinitive cluster; Connectors (1),SENTENCE_TYPE.Affirmative-declarative | TENSE.Presens | MODAL.kunnen | VERBCLUSTER.modal-inf | PRONOUN.1sg | PRONOUN.3pl | MODALITY.Epistemic-kan | CONNECTOR.en-additive
719,Hij houdt namelijk van kunst en ik totaal niet...,56,Present tense (most frequent); Negation pattern; Negation: niet; 1st person singular; Particles (1),SENTENCE_TYPE.Negative-declarative | TENSE.Presens | PRONOUN.1sg | PARTICLE.namelijk | NEGATION.niet | CONNECTOR.en-additive
